"","site_id","lat","long","year","Historical_results","Current_WAVE_Score"
"1","40.662_-73.604",40.662,-73.604,"2019","2019: No Conclusion
2018: No Conclusion","No Conclusion"
"2","40.664_-73.654",40.664,-73.654,"2017","2017: No Conclusion","No Conclusion"
"3","40.691_-73.358",40.691,-73.358,"2017","2017: No Conclusion","No Conclusion"
"4","40.703_-73.328",40.703,-73.328,"2017","2017: No Conclusion","No Conclusion"
"5","40.714_-73.328",40.714,-73.328,"2017","2017: No Conclusion","No Conclusion"
"6","40.732_-73.251",40.732,-73.251,"2017","2017: Possibly Impaired","Possibly Impaired"
"7","40.755_-73.745",40.755,-73.745,"2017","2017: No Conclusion","No Conclusion"
"8","40.773_-73.033",40.773,-73.033,"2017","2017: No Conclusion","No Conclusion"
"9","40.85_-73.224",40.85,-73.224,"2017","2017: Possibly Impaired","Possibly Impaired"
"10","40.885_-73.617",40.885,-73.617,"2017","2017: No Conclusion","No Conclusion"
"11","40.905_-73.814",40.905,-73.814,"2022","2022: No Conclusion","No Conclusion"
"12","40.908_-73.884",40.908,-73.884,"2016","2016: Possibly Impaired","Possibly Impaired"
"13","40.908_-73.89",40.908,-73.89,"2016","2016: No Conclusion","No Conclusion"
"14","40.914_-73.884",40.914,-73.884,"2016","2016: Possibly Impaired","Possibly Impaired"
"15","40.951_-73.798",40.951,-73.798,"2022","2022: No Conclusion","No Conclusion"
"16","40.99_-73.863",40.99,-73.863,"2019","2019: No Conclusion
2018: No Conclusion
2017: No Conclusion
2016: No Conclusion","No Conclusion"
"17","41.019_-73.846",41.019,-73.846,"2019","2019: No Conclusion
2018: No Conclusion
2017: No Conclusion
2016: No Conclusion","No Conclusion"
"18","41.019_-73.947",41.019,-73.947,"2019","2019: No Conclusion","No Conclusion"
"19","41.019_-74.082",41.019,-74.082,"2017","2017: No Conclusion","No Conclusion"
"20","41.02_-73.947",41.02,-73.947,"2018","2018: No Conclusion","No Conclusion"
"21","41.021_-73.947",41.021,-73.947,"2017","2017: No Conclusion","No Conclusion"
"22","41.029_-73.925",41.029,-73.925,"2014","2014: Possibly Impaired","Possibly Impaired"
"23","41.029_-73.926",41.029,-73.926,"2016","2016: Possibly Impaired","Possibly Impaired"
"24","41.03_-73.925",41.03,-73.925,"2016","2016: No Conclusion","No Conclusion"
"25","41.036_-73.907",41.036,-73.907,"2018","2018: No Conclusion","No Conclusion"
"26","41.044_-73.939",41.044,-73.939,"2020","2020: No Conclusion","No Conclusion"
"27","41.045_-73.945",41.045,-73.945,"2017","2017: No Conclusion
2016: No Conclusion","No Conclusion"
"28","41.052_-73.945",41.052,-73.945,"2017","2017: Possibly Impaired","Possibly Impaired"
"29","41.052_-73.946",41.052,-73.946,"2015","2015: No Conclusion","No Conclusion"
"30","41.059_-73.943",41.059,-73.943,"2020","2020: No Conclusion","No Conclusion"
"31","41.059_-73.992",41.059,-73.992,"2019","2019: No Conclusion
2018: No Conclusion
2016: No Conclusion","No Conclusion"
"32","41.059_-73.993",41.059,-73.993,"2017","2017: No Conclusion","No Conclusion"
"33","41.06_-74.024",41.06,-74.024,"2016","2016: Possibly Impaired
2015: No Conclusion","Possibly Impaired"
"34","41.062_-73.946",41.062,-73.946,"2016","2016: No Conclusion","No Conclusion"
"35","41.066_-74.039",41.066,-74.039,"2017","2017: No Conclusion","No Conclusion"
"36","41.068_-74.026",41.068,-74.026,"2019","2019: No Conclusion
2018: No Conclusion
2017: No Conclusion","No Conclusion"
"37","41.068_-74.04",41.068,-74.04,"2019","2019: No Conclusion
2018: No Conclusion","No Conclusion"
"38","41.069_-73.938",41.069,-73.938,"2017","2017: No Conclusion
2016: No Known Impact","No Conclusion"
"39","41.083_-74.082",41.083,-74.082,"2016","2016: No Conclusion
2015: Possibly Impaired","No Conclusion"
"40","41.086_-73.963",41.086,-73.963,"2016","2016: Possibly Impaired","Possibly Impaired"
"41","41.087_-74.08",41.087,-74.08,"2019","2019: No Conclusion","No Conclusion"
"42","41.088_-73.918",41.088,-73.918,"2022","2022: No Conclusion","No Conclusion"
"43","41.091_-74.083",41.091,-74.083,"2022","2022: No Conclusion","No Conclusion"
"44","41.092_-74.083",41.092,-74.083,"2018","2018: No Conclusion","No Conclusion"
"45","41.114_-74.22",41.114,-74.22,"2016","2016: No Conclusion","No Conclusion"
"46","41.118_-73.944",41.118,-73.944,"2019","2019: No Conclusion
2018: No Conclusion","No Conclusion"
"47","41.118_-73.945",41.118,-73.945,"2017","2017: No Conclusion","No Conclusion"
"48","41.118_-74.044",41.118,-74.044,"2016","2016: No Conclusion
2015: Possibly Impaired","No Conclusion"
"49","41.121_-73.833",41.121,-73.833,"2012","2012: No Conclusion","No Conclusion"
"50","41.121_-73.867",41.121,-73.867,"2012","2012: No Conclusion","No Conclusion"
"51","41.126_-73.448",41.126,-73.448,"2017","2017: No Conclusion","No Conclusion"
"52","41.132_-73.819",41.132,-73.819,"2012","2012: Possibly Impaired
2012: Possibly Impaired","Possibly Impaired"
"53","41.133_-74.008",41.133,-74.008,"2022","2022: No Conclusion","No Conclusion"
"54","41.134_-73.59",41.134,-73.59,"2016","2016: No Conclusion","No Conclusion"
"55","41.134_-73.943",41.134,-73.943,"2022","2022: No Conclusion
2019: No Conclusion
2018: Possibly Impaired
2017: Possibly Impaired","No Conclusion"
"56","41.135_-74.163",41.135,-74.163,"2018","2018: No Conclusion
2017: No Conclusion
2016: No Conclusion","No Conclusion"
"57","41.135_-74.164",41.135,-74.164,"2019","2019: No Conclusion","No Conclusion"
"58","41.144_-74.115",41.144,-74.115,"2018","2018: No Conclusion
2017: No Conclusion","No Conclusion"
"59","41.145_-74.115",41.145,-74.115,"2016","2016: No Conclusion","No Conclusion"
"60","41.146_-71.114",41.146,-71.114,"2019","2019: No Conclusion","No Conclusion"
"61","41.146_-73.861",41.146,-73.861,"2014","2014: Possibly Impaired","Possibly Impaired"
"62","41.146_-73.994",41.146,-73.994,"2022","2022: No Conclusion
2019: No Conclusion","No Conclusion"
"63","41.146_-73.996",41.146,-73.996,"2017","2017: No Conclusion","No Conclusion"
"64","41.146_-74.114",41.146,-74.114,"2022","2022: No Conclusion
2016: No Conclusion","No Conclusion"
"65","41.147_-73.998",41.147,-73.998,"2016","2016: Possibly Impaired
2015: No Conclusion","Possibly Impaired"
"66","41.147_-74.112",41.147,-74.112,"2015","2015: No Known Impact","No Known Impact"
"67","41.15_-74.096",41.15,-74.096,"2016","2016: No Conclusion
2015: Possibly Impaired","No Conclusion"
"68","41.151_-74.197",41.151,-74.197,"2013","2013: No Conclusion","No Conclusion"
"69","41.155_-74.196",41.155,-74.196,"2019","2019: No Known Impact
2017: No Conclusion
2016: No Known Impact
2015: No Known Impact","No Known Impact"
"70","41.158_-73.967",41.158,-73.967,"2017","2017: No Conclusion","No Conclusion"
"71","41.162_-74.008",41.162,-74.008,"2017","2017: No Conclusion","No Conclusion"
"72","41.162_-74.188",41.162,-74.188,"2015","2015: No Known Impact","No Known Impact"
"73","41.162_-74.189",41.162,-74.189,"2016","2016: No Conclusion
2013: Possibly Impaired","No Conclusion"
"74","41.164_-73.862",41.164,-73.862,"2014","2014: No Conclusion","No Conclusion"
"75","41.164_-74.006",41.164,-74.006,"2017","2017: No Conclusion
2016: No Conclusion","No Conclusion"
"76","41.165_-74.008",41.165,-74.008,"2017","2017: Possibly Impaired","Possibly Impaired"
"77","41.173_-74",41.173,-74,"2015","2015: No Conclusion","No Conclusion"
"78","41.174_-74",41.174,-74,"2016","2016: No Conclusion","No Conclusion"
"79","41.175_-74",41.175,-74,"2019","2019: No Conclusion","No Conclusion"
"80","41.175_-74.001",41.175,-74.001,"2018","2018: No Conclusion","No Conclusion"
"81","41.184_-74.014",41.184,-74.014,"2015","2015: No Conclusion","No Conclusion"
"82","41.185_-73.869",41.185,-73.869,"2014","2014: No Conclusion","No Conclusion"
"83","41.186_-74.012",41.186,-74.012,"2017","2017: No Conclusion","No Conclusion"
"84","41.191_-73.87",41.191,-73.87,"2014","2014: No Conclusion","No Conclusion"
"85","41.192_-74.042",41.192,-74.042,"2015","2015: Possibly Impaired","Possibly Impaired"
"86","41.196_-74.039",41.196,-74.039,"2019","2019: No Conclusion
2018: No Conclusion
2017: No Conclusion","No Conclusion"
"87","41.2_-74.027",41.2,-74.027,"2022","2022: No Conclusion
2020: No Conclusion","No Conclusion"
"88","41.203_-73.969",41.203,-73.969,"2017","2017: No Conclusion","No Conclusion"
"89","41.203_-73.971",41.203,-73.971,"2019","2019: No Conclusion","No Conclusion"
"90","41.203_-73.972",41.203,-73.972,"2018","2018: No Conclusion","No Conclusion"
"91","41.204_-73.967",41.204,-73.967,"2015","2015: No Conclusion","No Conclusion"
"92","41.204_-73.971",41.204,-73.971,"2016","2016: No Conclusion","No Conclusion"
"93","41.207_-73.989",41.207,-73.989,"2020","2020: No Conclusion","No Conclusion"
"94","41.208_-73.726",41.208,-73.726,"2016","2016: No Conclusion","No Conclusion"
"95","41.208_-73.989",41.208,-73.989,"2020","2020: No Conclusion","No Conclusion"
"96","41.223_-74.396",41.223,-74.396,"2012","2012: No Known Impact","No Known Impact"
"97","41.225_-73.985",41.225,-73.985,"2017","2017: No Conclusion","No Conclusion"
"98","41.227_-73.984",41.227,-73.984,"2019","2019: No Conclusion","No Conclusion"
"99","41.227_-73.985",41.227,-73.985,"2018","2018: No Conclusion
2015: No Known Impact","No Conclusion"
"100","41.25_-74.384",41.25,-74.384,"2012","2012: No Conclusion","No Conclusion"
"101","41.252_-73.333",41.252,-73.333,"2017","2017: No Conclusion","No Conclusion"
"102","41.252_-74.056",41.252,-74.056,"2016","2016: No Known Impact","No Known Impact"
"103","41.257_-73.589",41.257,-73.589,"2012","2012: No Conclusion","No Conclusion"
"104","41.257_-74.002",41.257,-74.002,"2017","2017: No Conclusion","No Conclusion"
"105","41.259_-73.577",41.259,-73.577,"2014","2014: No Conclusion
2012: No Known Impact","No Conclusion"
"106","41.26_-73.602",41.26,-73.602,"2012","2012: No Known Impact","No Known Impact"
"107","41.262_-73.596",41.262,-73.596,"2017","2017: No Conclusion","No Conclusion"
"108","41.262_-73.844",41.262,-73.844,"2016","2016: No Conclusion","No Conclusion"
"109","41.29_-73.373",41.29,-73.373,"2017","2017: No Conclusion","No Conclusion"
"110","41.294_-74.436",41.294,-74.436,"2013","2013: Possibly Impaired","Possibly Impaired"
"111","41.3_-73.987",41.3,-73.987,"2017","2017: No Conclusion","No Conclusion"
"112","41.315_-73.931",41.315,-73.931,"2012","2012: No Conclusion
2012: No Conclusion
2012: No Conclusion","No Conclusion"
"113","41.325_-73.74",41.325,-73.74,"2012","2012: No Conclusion
2012: Possibly Impaired","Possibly Impaired"
"114","41.327_-73.582",41.327,-73.582,"2015","2015: No Conclusion
2014: No Conclusion
2013: No Conclusion
2012: No Conclusion","No Conclusion"
"115","41.341_-74.544",41.341,-74.544,"2018","2018: No Known Impact","No Known Impact"
"116","41.35_-73.913",41.35,-73.913,"2018","2018: No Conclusion","No Conclusion"
"117","41.378_-74.678",41.378,-74.678,"2016","2016: No Conclusion","No Conclusion"
"118","41.385_-74.013",41.385,-74.013,"2012","2012: No Conclusion","No Conclusion"
"119","41.401_-74.092",41.401,-74.092,"2016","2016: No Conclusion","No Conclusion"
"120","41.402_-74.341",41.402,-74.341,"2018","2018: No Conclusion","No Conclusion"
"121","41.404_-74.027",41.404,-74.027,"2012","2012: No Conclusion","No Conclusion"
"122","41.408_-73.56",41.408,-73.56,"2016","2016: No Conclusion","No Conclusion"
"123","41.409_-74.073",41.409,-74.073,"2013","2013: No Known Impact","No Known Impact"
"124","41.409_-74.373",41.409,-74.373,"2013","2013: No Conclusion","No Conclusion"
"125","41.415_-74.533",41.415,-74.533,"2013","2013: No Known Impact","No Known Impact"
"126","41.417_-74.167",41.417,-74.167,"2016","2016: Possibly Impaired","Possibly Impaired"
"127","41.419_-74.022",41.419,-74.022,"2012","2012: No Known Impact","No Known Impact"
"128","41.424_-73.558",41.424,-73.558,"2016","2016: No Conclusion","No Conclusion"
"129","41.43_-74.422",41.43,-74.422,"2016","2016: Possibly Impaired","Possibly Impaired"
"130","41.431_-74.201",41.431,-74.201,"2016","2016: No Conclusion","No Conclusion"
"131","41.443_-74.004",41.443,-74.004,"2013","2013: No Conclusion
2012: No Conclusion","No Conclusion"
"132","41.446_-73.604",41.446,-73.604,"2016","2016: No Conclusion","No Conclusion"
"133","41.447_-73.732",41.447,-73.732,"2016","2016: No Conclusion","No Conclusion"
"134","41.459_-73.92",41.459,-73.92,"2012","2012: No Known Impact","No Known Impact"
"135","41.465_-74.387",41.465,-74.387,"2018","2018: No Conclusion","No Conclusion"
"136","41.471_-73.748",41.471,-73.748,"2012","2012: No Conclusion","No Conclusion"
"137","41.472_-73.787",41.472,-73.787,"2013","2013: No Conclusion","No Conclusion"
"138","41.483_-74.086",41.483,-74.086,"2016","2016: Possibly Impaired","Possibly Impaired"
"139","41.484_-73.626",41.484,-73.626,"2013","2013: No Conclusion","No Conclusion"
"140","41.486_-74.083",41.486,-74.083,"2016","2016: No Conclusion","No Conclusion"
"141","41.486_-74.088",41.486,-74.088,"2016","2016: Possibly Impaired","Possibly Impaired"
"142","41.486_-74.332",41.486,-74.332,"2013","2013: No Conclusion","No Conclusion"
"143","41.486_-74.574",41.486,-74.574,"2015","2015: No Conclusion","No Conclusion"
"144","41.488_-74.013",41.488,-74.013,"2013","2013: No Conclusion","No Conclusion"
"145","41.49_-73.844",41.49,-73.844,"2012","2012: No Conclusion","No Conclusion"
"146","41.49_-74.622",41.49,-74.622,"2013","2013: No Known Impact","No Known Impact"
"147","41.494_-73.546",41.494,-73.546,"2017","2017: No Conclusion","No Conclusion"
"148","41.495_-73.536",41.495,-73.536,"2016","2016: No Known Impact","No Known Impact"
"149","41.495_-74.042",41.495,-74.042,"2014","2014: No Conclusion","No Conclusion"
"150","41.501_-74.073",41.501,-74.073,"2017","2017: No Conclusion","No Conclusion"
"151","41.502_-73.836",41.502,-73.836,"2012","2012: No Conclusion","No Conclusion"
"152","41.502_-74.037",41.502,-74.037,"2014","2014: No Conclusion","No Conclusion"
"153","41.503_-73.948",41.503,-73.948,"2016","2016: No Conclusion","No Conclusion"
"154","41.508_-73.586",41.508,-73.586,"2017","2017: No Conclusion
2016: Possibly Impaired","No Conclusion"
"155","41.51_-73.683",41.51,-73.683,"2013","2013: No Known Impact","No Known Impact"
"156","41.511_-73.612",41.511,-73.612,"2016","2016: No Conclusion","No Conclusion"
"157","41.512_-73.617",41.512,-73.617,"2013","2013: No Known Impact","No Known Impact"
"158","41.522_-74.46",41.522,-74.46,"2016","2016: No Known Impact","No Known Impact"
"159","41.528_-74.006",41.528,-74.006,"2012","2012: No Conclusion
2012: No Known Impact","No Known Impact"
"160","41.532_-74.062",41.532,-74.062,"2014","2014: No Conclusion","No Conclusion"
"161","41.534_-73.581",41.534,-73.581,"2016","2016: No Conclusion","No Conclusion"
"162","41.536_-73.581",41.536,-73.581,"2017","2017: No Conclusion","No Conclusion"
"163","41.538_-73.613",41.538,-73.613,"2017","2017: No Conclusion","No Conclusion"
"164","41.538_-73.955",41.538,-73.955,"2022","2022: No Conclusion","No Conclusion"
"165","41.54_-74.041",41.54,-74.041,"2012","2012: Possibly Impaired","Possibly Impaired"
"166","41.545_-73.862",41.545,-73.862,"2012","2012: No Conclusion","No Conclusion"
"167","41.552_-74.044",41.552,-74.044,"2016","2016: No Known Impact","No Known Impact"
"168","41.555_-74.43",41.555,-74.43,"2016","2016: No Conclusion","No Conclusion"
"169","41.557_-74.045",41.557,-74.045,"2012","2012: No Known Impact","No Known Impact"
"170","41.558_-74.158",41.558,-74.158,"2012","2012: No Known Impact
2012: No Known Impact","No Known Impact"
"171","41.562_-73.6",41.562,-73.6,"2019","2019: No Conclusion
2017: No Conclusion","No Conclusion"
"172","41.565_-74.178",41.565,-74.178,"2016","2016: No Conclusion","No Conclusion"
"173","41.567_-73.614",41.567,-73.614,"2019","2019: No Conclusion","No Conclusion"
"174","41.568_-73.596",41.568,-73.596,"2016","2016: No Conclusion","No Conclusion"
"175","41.568_-73.615",41.568,-73.615,"2017","2017: No Known Impact","No Known Impact"
"176","41.568_-73.912",41.568,-73.912,"2016","2016: No Conclusion","No Conclusion"
"177","41.57_-74.285",41.57,-74.285,"2013","2013: No Known Impact","No Known Impact"
"178","41.572_-73.608",41.572,-73.608,"2017","2017: No Conclusion","No Conclusion"
"179","41.578_-73.802",41.578,-73.802,"2012","2012: Possibly Impaired","Possibly Impaired"
"180","41.582_-74.33",41.582,-74.33,"2013","2013: No Conclusion","No Conclusion"
"181","41.582_-74.569",41.582,-74.569,"2013","2013: No Known Impact","No Known Impact"
"182","41.585_-73.6",41.585,-73.6,"2017","2017: No Known Impact
2016: No Conclusion","No Known Impact"
"183","41.585_-74.079",41.585,-74.079,"2013","2013: No Conclusion
2013: No Conclusion","No Conclusion"
"184","41.588_-73.79",41.588,-73.79,"2012","2012: No Known Impact","No Known Impact"
"185","41.589_-73.584",41.589,-73.584,"2017","2017: No Known Impact
2014: No Conclusion","No Known Impact"
"186","41.593_-73.926",41.593,-73.926,"2015","2015: No Conclusion","No Conclusion"
"187","41.597_-74.486",41.597,-74.486,"2015","2015: No Conclusion","No Conclusion"
"188","41.603_-74.08",41.603,-74.08,"2013","2013: Possibly Impaired","Possibly Impaired"
"189","41.604_-74.327",41.604,-74.327,"2016","2016: No Known Impact","No Known Impact"
"190","41.607_-74.074",41.607,-74.074,"2017","2017: No Conclusion
2013: No Conclusion","No Conclusion"
"191","41.61_-73.747",41.61,-73.747,"2013","2013: No Conclusion","No Conclusion"
"192","41.617_-73.824",41.617,-73.824,"2015","2015: No Conclusion","No Conclusion"
"193","41.621_-73.654",41.621,-73.654,"2013","2013: No Conclusion","No Conclusion"
"194","41.625_-73.942",41.625,-73.942,"2013","2013: No Conclusion","No Conclusion"
"195","41.627_-74.816",41.627,-74.816,"2017","2017: No Conclusion","No Conclusion"
"196","41.64_-74.447",41.64,-74.447,"2016","2016: No Known Impact","No Known Impact"
"197","41.644_-74.442",41.644,-74.442,"2013","2013: No Conclusion","No Conclusion"
"198","41.648_-73.593",41.648,-73.593,"2019","2019: No Conclusion","No Conclusion"
"199","41.648_-74.264",41.648,-74.264,"2016","2016: No Known Impact","No Known Impact"
"200","41.656_-73.537",41.656,-73.537,"2014","2014: No Known Impact","No Known Impact"
"201","41.66_-74.808",41.66,-74.808,"2017","2017: Possibly Impaired","Possibly Impaired"
"202","41.665_-74.479",41.665,-74.479,"2013","2013: No Conclusion
2013: No Known Impact","No Known Impact"
"203","41.665_-74.814",41.665,-74.814,"2017","2017: No Conclusion","No Conclusion"
"204","41.676_-74.263",41.676,-74.263,"2013","2013: No Known Impact","No Known Impact"
"205","41.682_-73.893",41.682,-73.893,"2016","2016: No Conclusion","No Conclusion"
"206","41.684_-73.866",41.684,-73.866,"2013","2013: No Known Impact","No Known Impact"
"207","41.686_-74.165",41.686,-74.165,"2016","2016: Possibly Impaired","Possibly Impaired"
"208","41.688_-74.173",41.688,-74.173,"2016","2016: No Known Impact","No Known Impact"
"209","41.696_-74.101",41.696,-74.101,"2012","2012: No Conclusion
2012: No Conclusion
2012: No Conclusion","No Conclusion"
"210","41.699_-73.866",41.699,-73.866,"2013","2013: No Conclusion","No Conclusion"
"211","41.701_-73.889",41.701,-73.889,"2014","2014: Possibly Impaired","Possibly Impaired"
"212","41.707_-73.924",41.707,-73.924,"2016","2016: No Conclusion","No Conclusion"
"213","41.709_-73.939",41.709,-73.939,"2014","2014: No Conclusion","No Conclusion"
"214","41.717_-74.012",41.717,-74.012,"2013","2013: No Conclusion","No Conclusion"
"215","41.72_-73.957",41.72,-73.957,"2016","2016: No Conclusion","No Conclusion"
"216","41.72_-74.392",41.72,-74.392,"2013","2013: No Known Impact","No Known Impact"
"217","41.724_-74.458",41.724,-74.458,"2016","2016: No Known Impact","No Known Impact"
"218","41.725_-74.105",41.725,-74.105,"2012","2012: No Known Impact","No Known Impact"
"219","41.728_-73.585",41.728,-73.585,"2016","2016: No Known Impact","No Known Impact"
"220","41.728_-73.586",41.728,-73.586,"2014","2014: No Known Impact","No Known Impact"
"221","41.73_-73.972",41.73,-73.972,"2016","2016: No Known Impact","No Known Impact"
"222","41.735_-73.576",41.735,-73.576,"2016","2016: Possibly Impaired","Possibly Impaired"
"223","41.735_-73.581",41.735,-73.581,"2014","2014: No Known Impact","No Known Impact"
"224","41.735_-74.234",41.735,-74.234,"2017","2017: No Conclusion","No Conclusion"
"225","41.737_-73.571",41.737,-73.571,"2016","2016: No Conclusion","No Conclusion"
"226","41.738_-74.377",41.738,-74.377,"2013","2013: No Known Impact","No Known Impact"
"227","41.739_-73.585",41.739,-73.585,"2014","2014: No Known Impact","No Known Impact"
"228","41.74_-74.664",41.74,-74.664,"2017","2017: No Conclusion
2016: No Conclusion","No Conclusion"
"229","41.741_-73.827",41.741,-73.827,"2014","2014: No Known Impact","No Known Impact"
"230","41.754_-74.073",41.754,-74.073,"2016","2016: Possibly Impaired","Possibly Impaired"
"231","41.757_-74.357",41.757,-74.357,"2016","2016: No Conclusion","No Conclusion"
"232","41.762_-73.9",41.762,-73.9,"2012","2012: No Conclusion","No Conclusion"
"233","41.763_-74.333",41.763,-74.333,"2015","2015: No Known Impact","No Known Impact"
"234","41.765_-74.941",41.765,-74.941,"2013","2013: No Known Impact","No Known Impact"
"235","41.77_-74.311",41.77,-74.311,"2015","2015: No Conclusion","No Conclusion"
"236","41.774_-74.174",41.774,-74.174,"2016","2016: No Conclusion","No Conclusion"
"237","41.774_-74.296",41.774,-74.296,"2014","2014: No Conclusion","No Conclusion"
"238","41.775_-74.098",41.775,-74.098,"2013","2013: Possibly Impaired","Possibly Impaired"
"239","41.776_-74.322",41.776,-74.322,"2013","2013: No Conclusion","No Conclusion"
"240","41.778_-74.225",41.778,-74.225,"2015","2015: No Known Impact","No Known Impact"
"241","41.787_-73.923",41.787,-73.923,"2016","2016: Possibly Impaired","Possibly Impaired"
"242","41.788_-73.923",41.788,-73.923,"2018","2018: No Conclusion","No Conclusion"
"243","41.792_-73.726",41.792,-73.726,"2012","2012: No Known Impact","No Known Impact"
"244","41.794_-74.18",41.794,-74.18,"2015","2015: No Conclusion","No Conclusion"
"245","41.797_-74.247",41.797,-74.247,"2012","2012: No Known Impact","No Known Impact"
"246","41.799_-74.213",41.799,-74.213,"2017","2017: No Conclusion","No Conclusion"
"247","41.81_-74.374",41.81,-74.374,"2016","2016: No Conclusion","No Conclusion"
"248","41.814_-73.559",41.814,-73.559,"2015","2015: No Known Impact","No Known Impact"
"249","41.821_-73.962",41.821,-73.962,"2017","2017: No Conclusion","No Conclusion"
"250","41.828_-73.566",41.828,-73.566,"2015","2015: No Known Impact","No Known Impact"
"251","41.832_-74.032",41.832,-74.032,"2016","2016: No Known Impact","No Known Impact"
"252","41.835_-73.566",41.835,-73.566,"2015","2015: No Known Impact","No Known Impact"
"253","41.842_-73.561",41.842,-73.561,"2015","2015: No Conclusion","No Conclusion"
"254","41.843_-74.086",41.843,-74.086,"2015","2015: No Known Impact","No Known Impact"
"255","41.844_-73.563",41.844,-73.563,"2015","2015: No Conclusion","No Conclusion"
"256","41.844_-74.076",41.844,-74.076,"2019","2019: No Conclusion
2017: Possibly Impaired
2016: No Conclusion","No Conclusion"
"257","41.857_-73.514",41.857,-73.514,"2014","2014: No Conclusion","No Conclusion"
"258","41.857_-73.885",41.857,-73.885,"2018","2018: No Conclusion","No Conclusion"
"259","41.867_-73.556",41.867,-73.556,"2015","2015: No Known Impact","No Known Impact"
"260","41.868_-73.502",41.868,-73.502,"2014","2014: No Conclusion","No Conclusion"
"261","41.873_-75.017",41.873,-75.017,"2022","2022: No Conclusion","No Conclusion"
"262","41.874_-75.07",41.874,-75.07,"2022","2022: No Known Impact","No Known Impact"
"263","41.882_-73.927",41.882,-73.927,"2019","2019: No Conclusion","No Conclusion"
"264","41.883_-74.159",41.883,-74.159,"2012","2012: No Conclusion","No Conclusion"
"265","41.903_-74.163",41.903,-74.163,"2013","2013: No Conclusion","No Conclusion"
"266","41.904_-74.164",41.904,-74.164,"2013","2013: No Known Impact","No Known Impact"
"267","41.904_74.813",41.904,74.813,"2018","2018: No Known Impact","No Known Impact"
"268","41.91_-74.006",41.91,-74.006,"2017","2017: No Conclusion","No Conclusion"
"269","41.928_-73.895",41.928,-73.895,"2016","2016: No Known Impact","No Known Impact"
"270","41.944_-73.602",41.944,-73.602,"2016","2016: No Known Impact","No Known Impact"
"271","41.948_-73.511",41.948,-73.511,"2014","2014: No Conclusion","No Conclusion"
"272","41.979_-73.963",41.979,-73.963,"2013","2013: Possibly Impaired","Possibly Impaired"
"273","41.984_-73.914",41.984,-73.914,"2012","2012: No Conclusion","No Conclusion"
"274","42.001_-76.558",42.001,-76.558,"2015","2015: No Known Impact","No Known Impact"
"275","42.007_-78.776",42.007,-78.776,"2014","2014: No Conclusion","No Conclusion"
"276","42.011_-75.789",42.011,-75.789,"2017","2017: No Conclusion","No Conclusion"
"277","42.016_-75.133",42.016,-75.133,"2013","2013: No Conclusion","No Conclusion"
"278","42.018_-73.978",42.018,-73.978,"2013","2013: No Known Impact","No Known Impact"
"279","42.018_-76.723",42.018,-76.723,"2017","2017: No Conclusion","No Conclusion"
"280","42.02_-74.268",42.02,-74.268,"2012","2012: No Conclusion
2012: No Known Impact","No Known Impact"
"281","42.025_-76.623",42.025,-76.623,"2017","2017: No Conclusion","No Conclusion"
"282","42.026_-76.524",42.026,-76.524,"2015","2015: No Known Impact","No Known Impact"
"283","42.027_-75.8",42.027,-75.8,"2017","2017: No Conclusion","No Conclusion"
"284","42.027_-79.286",42.027,-79.286,"2015","2015: No Known Impact","No Known Impact"
"285","42.029_-77.933",42.029,-77.933,"2013","2013: No Conclusion","No Conclusion"
"286","42.03_-75.805",42.03,-75.805,"2016","2016: Dry","Dry"
"287","42.031_-74.37",42.031,-74.37,"2017","2017: No Conclusion","No Conclusion"
"288","42.034_-74.368",42.034,-74.368,"2017","2017: No Known Impact","No Known Impact"
"289","42.041_-73.644",42.041,-73.644,"2016","2016: No Conclusion","No Conclusion"
"290","42.045_-73.913",42.045,-73.913,"2012","2012: No Conclusion","No Conclusion"
"291","42.049_-77.93",42.049,-77.93,"2013","2013: No Known Impact","No Known Impact"
"292","42.059_-73.6",42.059,-73.6,"2016","2016: No Known Impact","No Known Impact"
"293","42.059_-76.736",42.059,-76.736,"2018","2018: No Conclusion
2017: No Conclusion","No Conclusion"
"294","42.062_-74.157",42.062,-74.157,"2016","2016: No Known Impact","No Known Impact"
"295","42.062_-74.844",42.062,-74.844,"2013","2013: No Conclusion","No Conclusion"
"296","42.067_-74.16",42.067,-74.16,"2016","2016: No Conclusion","No Conclusion"
"297","42.071_-76.775",42.071,-76.775,"2016","2016: No Conclusion","No Conclusion"
"298","42.074_-76.94",42.074,-76.94,"2018","2018: No Conclusion","No Conclusion"
"299","42.075_-74.126",42.075,-74.126,"2015","2015: No Conclusion","No Conclusion"
"300","42.076_-75.622",42.076,-75.622,"2016","2016: No Conclusion","No Conclusion"
"301","42.078_-74.336",42.078,-74.336,"2012","2012: No Known Impact
2012: No Known Impact","No Known Impact"
"302","42.08_-73.938",42.08,-73.938,"2015","2015: Possibly Impaired","Possibly Impaired"
"303","42.08_-75.64",42.08,-75.64,"2016","2016: No Conclusion","No Conclusion"
"304","42.081_-74.333",42.081,-74.333,"2012","2012: No Conclusion","No Conclusion"
"305","42.081_-76.78",42.081,-76.78,"2017","2017: No Conclusion
2016: Possibly Impaired","No Conclusion"
"306","42.083_-79.225",42.083,-79.225,"2018","2018: No Conclusion","No Conclusion"
"307","42.083_-79.686",42.083,-79.686,"2014","2014: No Conclusion","No Conclusion"
"308","42.086_-74.179",42.086,-74.179,"2016","2016: No Known Impact","No Known Impact"
"309","42.086_-76.691",42.086,-76.691,"2016","2016: No Conclusion","No Conclusion"
"310","42.087_-76.866",42.087,-76.866,"2017","2017: No Known Impact","No Known Impact"
"311","42.088_-73.977",42.088,-73.977,"2014","2014: No Conclusion","No Conclusion"
"312","42.09_-76.054",42.09,-76.054,"2017","2017: Possibly Impaired","Possibly Impaired"
"313","42.092_-76.014",42.092,-76.014,"2015","2015: No Conclusion","No Conclusion"
"314","42.092_-76.547",42.092,-76.547,"2017","2017: No Known Impact
2016: No Known Impact","No Known Impact"
"315","42.094_-79.231",42.094,-79.231,"2016","2016: No Conclusion","No Conclusion"
"316","42.094_-79.241",42.094,-79.241,"2016","2016: No Conclusion","No Conclusion"
"317","42.101_-76.025",42.101,-76.025,"2017","2017: No Conclusion","No Conclusion"
"318","42.105_-76.922",42.105,-76.922,"2017","2017: No Known Impact","No Known Impact"
"319","42.108_-73.95",42.108,-73.95,"2012","2012: No Conclusion","No Conclusion"
"320","42.112_-79.217",42.112,-79.217,"2016","2016: No Conclusion","No Conclusion"
"321","42.115_-74.055",42.115,-74.055,"2013","2013: No Known Impact","No Known Impact"
"322","42.116_-76.548",42.116,-76.548,"2016","2016: No Conclusion","No Conclusion"
"323","42.116_-76.865",42.116,-76.865,"2017","2017: No Conclusion","No Conclusion"
"324","42.117_-77.943",42.117,-77.943,"2015","2015: No Known Impact","No Known Impact"
"325","42.118_-79.194",42.118,-79.194,"2016","2016: No Conclusion","No Conclusion"
"326","42.119_-79.084",42.119,-79.084,"2015","2015: No Known Impact","No Known Impact"
"327","42.121_-74.399",42.121,-74.399,"2012","2012: No Known Impact","No Known Impact"
"328","42.122_-73.72",42.122,-73.72,"2012","2012: No Conclusion","No Conclusion"
"329","42.123_-74.021",42.123,-74.021,"2013","2013: No Known Impact","No Known Impact"
"330","42.124_-73.721",42.124,-73.721,"2016","2016: No Known Impact
2015: No Known Impact
2014: No Known Impact","No Known Impact"
"331","42.124_-74.399",42.124,-74.399,"2012","2012: No Conclusion
2012: No Known Impact","No Known Impact"
"332","42.125_-75.672",42.125,-75.672,"2017","2017: No Conclusion","No Conclusion"
"333","42.126_-74.944",42.126,-74.944,"2013","2013: No Conclusion","No Conclusion"
"334","42.136_-76.86",42.136,-76.86,"2018","2018: No Conclusion","No Conclusion"
"335","42.137_-74.689",42.137,-74.689,"2013","2013: No Conclusion","No Conclusion"
"336","42.139_-75.942",42.139,-75.942,"2017","2017: No Conclusion","No Conclusion"
"337","42.14_-75.894",42.14,-75.894,"2019","2019: No Conclusion
2018: No Conclusion
2017: No Conclusion","No Conclusion"
"338","42.14_-75.895",42.14,-75.895,"2017","2017: No Conclusion","No Conclusion"
"339","42.142_-76.766",42.142,-76.766,"2018","2018: No Conclusion","No Conclusion"
"340","42.145_-75.911",42.145,-75.911,"2017","2017: No Conclusion","No Conclusion"
"341","42.146_-76.808",42.146,-76.808,"2017","2017: No Conclusion","No Conclusion"
"342","42.15_-73.875",42.15,-73.875,"2013","2013: No Conclusion","No Conclusion"
"343","42.15_-77.819",42.15,-77.819,"2015","2015: No Known Impact","No Known Impact"
"344","42.151_-74.519",42.151,-74.519,"2014","2014: No Known Impact","No Known Impact"
"345","42.152_-74.131",42.152,-74.131,"2016","2016: No Known Impact","No Known Impact"
"346","42.152_-76.89",42.152,-76.89,"2017","2017: No Conclusion","No Conclusion"
"347","42.154_-73.52",42.154,-73.52,"2016","2016: No Known Impact","No Known Impact"
"348","42.154_-78.126",42.154,-78.126,"2013","2013: No Known Impact","No Known Impact"
"349","42.155_-74.533",42.155,-74.533,"2014","2014: No Conclusion","No Conclusion"
"350","42.155_-75.165",42.155,-75.165,"2015","2015: No Known Impact","No Known Impact"
"351","42.157_-77.802",42.157,-77.802,"2015","2015: No Known Impact","No Known Impact"
"352","42.158_-74.521",42.158,-74.521,"2014","2014: No Known Impact","No Known Impact"
"353","42.158_-79.595",42.158,-79.595,"2014","2014: No Conclusion","No Conclusion"
"354","42.159_-74.208",42.159,-74.208,"2020","2020: No Known Impact","No Known Impact"
"355","42.159_-74.556",42.159,-74.556,"2014","2014: No Known Impact","No Known Impact"
"356","42.159_-75.112",42.159,-75.112,"2015","2015: No Known Impact","No Known Impact"
"357","42.169_-74.15",42.169,-74.15,"2016","2016: No Known Impact","No Known Impact"
"358","42.17_-73.52",42.17,-73.52,"2014","2014: No Conclusion","No Conclusion"
"359","42.172_-73.516",42.172,-73.516,"2016","2016: No Conclusion
2014: No Conclusion","No Conclusion"
"360","42.172_-74.019",42.172,-74.019,"2012","2012: No Conclusion
2012: No Known Impact","No Known Impact"
"361","42.172_-74.148",42.172,-74.148,"2016","2016: No Known Impact","No Known Impact"
"362","42.172_-76.734",42.172,-76.734,"2017","2017: No Conclusion","No Conclusion"
"363","42.176_-75.279",42.176,-75.279,"2013","2013: No Known Impact","No Known Impact"
"364","42.178_-73.57",42.178,-73.57,"2015","2015: No Conclusion
2014: No Conclusion
2013: No Conclusion
2013: No Conclusion","No Conclusion"
"365","42.181_-74.197",42.181,-74.197,"2017","2017: No Known Impact","No Known Impact"
"366","42.181_-74.597",42.181,-74.597,"2018","2018: No Known Impact","No Known Impact"
"367","42.181_-75.622",42.181,-75.622,"2015","2015: No Known Impact","No Known Impact"
"368","42.182_-74.204",42.182,-74.204,"2014","2014: No Conclusion","No Conclusion"
"369","42.182_-75.013",42.182,-75.013,"2015","2015: No Conclusion","No Conclusion"
"370","42.186_-73.494",42.186,-73.494,"2018","2018: No Conclusion","No Conclusion"
"371","42.186_-74.19",42.186,-74.19,"2020","2020: No Known Impact","No Known Impact"
"372","42.186_-76.73",42.186,-76.73,"2018","2018: No Conclusion","No Conclusion"
"373","42.19_-74.188",42.19,-74.188,"2015","2015: No Conclusion","No Conclusion"
"374","42.19_-74.997",42.19,-74.997,"2015","2015: No Conclusion","No Conclusion"
"375","42.191_-76.058",42.191,-76.058,"2017","2017: No Conclusion","No Conclusion"
"376","42.192_-75.619",42.192,-75.619,"2015","2015: No Known Impact","No Known Impact"
"377","42.193_-73.58",42.193,-73.58,"2018","2018: No Conclusion","No Conclusion"
"378","42.193_-75.902",42.193,-75.902,"2017","2017: No Known Impact","No Known Impact"
"379","42.195_-74.055",42.195,-74.055,"2012","2012: No Conclusion","No Conclusion"
"380","42.195_-74.092",42.195,-74.092,"2012","2012: No Conclusion","No Conclusion"
"381","42.196_-73.74",42.196,-73.74,"2014","2014: No Conclusion","No Conclusion"
"382","42.197_-73.501",42.197,-73.501,"2016","2016: No Conclusion","No Conclusion"
"383","42.197_-73.943",42.197,-73.943,"2014","2014: No Conclusion","No Conclusion"
"384","42.197_-75.656",42.197,-75.656,"2015","2015: No Known Impact","No Known Impact"
"385","42.201_-79.15",42.201,-79.15,"2014","2014: No Known Impact","No Known Impact"
"386","42.202_-76.991",42.202,-76.991,"2016","2016: No Known Impact","No Known Impact"
"387","42.205_-73.975",42.205,-73.975,"2014","2014: No Conclusion","No Conclusion"
"388","42.205_-75.274",42.205,-75.274,"2015","2015: No Known Impact","No Known Impact"
"389","42.205_-75.276",42.205,-75.276,"2014","2014: No Known Impact","No Known Impact"
"390","42.206_-74.208",42.206,-74.208,"2020","2020: No Conclusion","No Conclusion"
"391","42.206_-75.275",42.206,-75.275,"2017","2017: No Known Impact","No Known Impact"
"392","42.215_-76.04",42.215,-76.04,"2019","2019: No Known Impact","No Known Impact"
"393","42.221_-79.053",42.221,-79.053,"2017","2017: No Known Impact","No Known Impact"
"394","42.225_-75.164",42.225,-75.164,"2013","2013: No Known Impact","No Known Impact"
"395","42.226_-75.916",42.226,-75.916,"2015","2015: No Known Impact","No Known Impact"
"396","42.228_-74.474",42.228,-74.474,"2018","2018: No Conclusion","No Conclusion"
"397","42.231_-75.526",42.231,-75.526,"2020","2020: No Conclusion","No Conclusion"
"398","42.232_-73.69",42.232,-73.69,"2016","2016: No Known Impact","No Known Impact"
"399","42.232_-75.526",42.232,-75.526,"2015","2015: No Known Impact","No Known Impact"
"400","42.233_-73.69",42.233,-73.69,"2015","2015: No Conclusion
2014: No Conclusion
2012: No Conclusion","No Conclusion"
"401","42.233_-74.13",42.233,-74.13,"2017","2017: No Conclusion","No Conclusion"
"402","42.233_-76.841",42.233,-76.841,"2016","2016: No Conclusion","No Conclusion"
"403","42.234_-74.13",42.234,-74.13,"2015","2015: No Conclusion","No Conclusion"
"404","42.237_-74.011",42.237,-74.011,"2012","2012: No Conclusion","No Conclusion"
"405","42.237_-74.114",42.237,-74.114,"2013","2013: No Conclusion","No Conclusion"
"406","42.238_-74.147",42.238,-74.147,"2017","2017: No Known Impact
2015: No Known Impact
2014: No Known Impact","No Known Impact"
"407","42.248_-73.655",42.248,-73.655,"2012","2012: No Known Impact","No Known Impact"
"408","42.248_-74.303",42.248,-74.303,"2015","2015: No Conclusion
2014: No Conclusion","No Conclusion"
"409","42.249_-74.303",42.249,-74.303,"2017","2017: No Conclusion","No Conclusion"
"410","42.255_-75.487",42.255,-75.487,"2020","2020: No Conclusion","No Conclusion"
"411","42.258_-75.767",42.258,-75.767,"2017","2017: No Known Impact","No Known Impact"
"412","42.268_-77.76",42.268,-77.76,"2017","2017: No Conclusion","No Conclusion"
"413","42.274_-76.838",42.274,-76.838,"2017","2017: No Conclusion","No Conclusion"
"414","42.28_-73.711",42.28,-73.711,"2015","2015: No Conclusion
2014: No Conclusion","No Conclusion"
"415","42.285_-75.889",42.285,-75.889,"2019","2019: No Known Impact
2018: No Conclusion
2017: No Known Impact","No Known Impact"
"416","42.289_-77.748",42.289,-77.748,"2016","2016: No Conclusion","No Conclusion"
"417","42.29_-75.212",42.29,-75.212,"2017","2017: No Known Impact","No Known Impact"
"418","42.298_-76.716",42.298,-76.716,"2017","2017: No Known Impact","No Known Impact"
"419","42.299_-79.099",42.299,-79.099,"2015","2015: No Conclusion","No Conclusion"
"420","42.302_-74.561",42.302,-74.561,"2013","2013: No Known Impact","No Known Impact"
"421","42.306_-75.536",42.306,-75.536,"2017","2017: No Known Impact
2016: No Known Impact
2015: No Known Impact","No Known Impact"
"422","42.306_-79.578",42.306,-79.578,"2014","2014: No Known Impact","No Known Impact"
"423","42.309_-79.574",42.309,-79.574,"2014","2014: No Conclusion
2014: No Conclusion","No Conclusion"
"424","42.312_-78.038",42.312,-78.038,"2013","2013: No Conclusion","No Conclusion"
"425","42.314_-76.65",42.314,-76.65,"2017","2017: No Conclusion","No Conclusion"
"426","42.316_-76.713",42.316,-76.713,"2017","2017: No Conclusion","No Conclusion"
"427","42.321_-75.183",42.321,-75.183,"2017","2017: No Known Impact","No Known Impact"
"428","42.323_-74.092",42.323,-74.092,"2012","2012: No Conclusion","No Conclusion"
"429","42.325_-77.551",42.325,-77.551,"2013","2013: No Conclusion","No Conclusion"
"430","42.328_-76.885",42.328,-76.885,"2020","2020: No Conclusion","No Conclusion"
"431","42.331_-79.568",42.331,-79.568,"2014","2014: No Conclusion","No Conclusion"
"432","42.332_-75.176",42.332,-75.176,"2017","2017: No Known Impact","No Known Impact"
"433","42.333_-75.288",42.333,-75.288,"2017","2017: No Known Impact","No Known Impact"
"434","42.335_-76.83",42.335,-76.83,"2020","2020: No Conclusion","No Conclusion"
"435","42.336_-73.432",42.336,-73.432,"2015","2015: No Known Impact","No Known Impact"
"436","42.337_-76.787",42.337,-76.787,"2018","2018: No Conclusion","No Conclusion"
"437","42.337_-76.838",42.337,-76.838,"2015","2015: No Known Impact","No Known Impact"
"438","42.338_-74.451",42.338,-74.451,"2018","2018: No Known Impact","No Known Impact"
"439","42.34_-73.627",42.34,-73.627,"2016","2016: No Conclusion
2015: No Conclusion
2014: No Conclusion","No Conclusion"
"440","42.34_-74.078",42.34,-74.078,"2013","2013: No Known Impact","No Known Impact"
"441","42.345_-75.054",42.345,-75.054,"2017","2017: No Known Impact","No Known Impact"
"442","42.351_-75.968",42.351,-75.968,"2017","2017: No Conclusion","No Conclusion"
"443","42.355_-77.92",42.355,-77.92,"2013","2013: No Conclusion","No Conclusion"
"444","42.368_-73.603",42.368,-73.603,"2012","2012: No Conclusion","No Conclusion"
"445","42.368_-75.127",42.368,-75.127,"2017","2017: No Known Impact","No Known Impact"
"446","42.368_-76.718",42.368,-76.718,"2017","2017: No Conclusion","No Conclusion"
"447","42.369_-73.718",42.369,-73.718,"2014","2014: No Conclusion","No Conclusion"
"448","42.369_-76.901",42.369,-76.901,"2016","2016: No Known Impact","No Known Impact"
"449","42.369_-78.14",42.369,-78.14,"2013","2013: No Conclusion","No Conclusion"
"450","42.371_-73.608",42.371,-73.608,"2016","2016: No Known Impact
2015: No Conclusion
2014: No Conclusion","No Known Impact"
"451","42.372_-73.592",42.372,-73.592,"2014","2014: No Conclusion","No Conclusion"
"452","42.373_-73.656",42.373,-73.656,"2014","2014: No Conclusion","No Conclusion"
"453","42.375_-76.873",42.375,-76.873,"2016","2016: No Known Impact","No Known Impact"
"454","42.377_-73.429",42.377,-73.429,"2015","2015: No Known Impact","No Known Impact"
"455","42.39_-73.551",42.39,-73.551,"2012","2012: No Known Impact
2012: No Known Impact","No Known Impact"
"456","42.39_-75.074",42.39,-75.074,"2017","2017: No Known Impact","No Known Impact"
"457","42.392_-76.597",42.392,-76.597,"2022","2022: No Known Impact","No Known Impact"
"458","42.398_-76.547",42.398,-76.547,"2016","2016: No Known Impact","No Known Impact"
"459","42.406_-76.598",42.406,-76.598,"2022","2022: No Known Impact","No Known Impact"
"460","42.408_-73.68",42.408,-73.68,"2016","2016: No Conclusion
2015: No Known Impact
2014: No Conclusion","No Conclusion"
"461","42.409_-74.461",42.409,-74.461,"2015","2015: No Conclusion","No Conclusion"
"462","42.41_-73.522",42.41,-73.522,"2012","2012: No Known Impact","No Known Impact"
"463","42.412_-73.449",42.412,-73.449,"2014","2014: No Conclusion","No Conclusion"
"464","42.412_-73.681",42.412,-73.681,"2015","2015: No Conclusion","No Conclusion"
"465","42.414_-76.53",42.414,-76.53,"2015","2015: No Known Impact","No Known Impact"
"466","42.419_-76.849",42.419,-76.849,"2017","2017: No Known Impact","No Known Impact"
"467","42.42_-76.465",42.42,-76.465,"2016","2016: No Known Impact","No Known Impact"
"468","42.423_-74.218",42.423,-74.218,"2013","2013: No Known Impact","No Known Impact"
"469","42.423_-76.524",42.423,-76.524,"2015","2015: No Known Impact","No Known Impact"
"470","42.424_-76.203",42.424,-76.203,"2016","2016: No Known Impact","No Known Impact"
"471","42.427_-73.676",42.427,-73.676,"2022","2022: No Conclusion","No Conclusion"
"472","42.428_-76.224",42.428,-76.224,"2016","2016: No Known Impact","No Known Impact"
"473","42.428_-77.431",42.428,-77.431,"2016","2016: No Known Impact","No Known Impact"
"474","42.43_-74.458",42.43,-74.458,"2015","2015: No Conclusion","No Conclusion"
"475","42.431_-74.467",42.431,-74.467,"2015","2015: No Known Impact","No Known Impact"
"476","42.432_-74.463",42.432,-74.463,"2014","2014: No Conclusion","No Conclusion"
"477","42.433_-77.456",42.433,-77.456,"2016","2016: No Known Impact","No Known Impact"
"478","42.434_-77.456",42.434,-77.456,"2016","2016: No Conclusion","No Conclusion"
"479","42.442_-76.033",42.442,-76.033,"2015","2015: No Known Impact","No Known Impact"
"480","42.446_-74.92",42.446,-74.92,"2017","2017: No Known Impact","No Known Impact"
"481","42.447_-74.759",42.447,-74.759,"2013","2013: No Known Impact","No Known Impact"
"482","42.448_-76.502",42.448,-76.502,"2015","2015: No Conclusion","No Conclusion"
"483","42.452_-75.016",42.452,-75.016,"2017","2017: No Conclusion","No Conclusion"
"484","42.462_-75.055",42.462,-75.055,"2022","2022: No Conclusion","No Conclusion"
"485","42.463_-73.848",42.463,-73.848,"2015","2015: No Known Impact","No Known Impact"
"486","42.464_-75.055",42.464,-75.055,"2017","2017: No Conclusion","No Conclusion"
"487","42.465_-73.77",42.465,-73.77,"2013","2013: No Conclusion","No Conclusion"
"488","42.465_-73.792",42.465,-73.792,"2016","2016: Possibly Impaired","Possibly Impaired"
"489","42.467_-75.05",42.467,-75.05,"2017","2017: No Conclusion","No Conclusion"
"490","42.468_-75.911",42.468,-75.911,"2015","2015: No Known Impact","No Known Impact"
"491","42.468_-79.181",42.468,-79.181,"2014","2014: No Conclusion","No Conclusion"
"492","42.471_-73.868",42.471,-73.868,"2016","2016: No Conclusion","No Conclusion"
"493","42.476_-73.793",42.476,-73.793,"2016","2016: Possibly Impaired","Possibly Impaired"
"494","42.478_-73.794",42.478,-73.794,"2013","2013: No Conclusion","No Conclusion"
"495","42.481_-74.033",42.481,-74.033,"2016","2016: Dry","Dry"
"496","42.482_-79.306",42.482,-79.306,"2014","2014: Possibly Impaired
2014: No Conclusion","No Conclusion"
"497","42.485_-74.268",42.485,-74.268,"2013","2013: No Known Impact","No Known Impact"
"498","42.489_-74.959",42.489,-74.959,"2022","2022: No Conclusion","No Conclusion"
"499","42.49_-76.914",42.49,-76.914,"2016","2016: No Known Impact","No Known Impact"
"500","42.494_-73.447",42.494,-73.447,"2015","2015: No Known Impact
2014: No Conclusion","No Known Impact"
"501","42.495_-73.447",42.495,-73.447,"2016","2016: No Conclusion","No Conclusion"
"502","42.495_-75.045",42.495,-75.045,"2016","2016: No Known Impact","No Known Impact"
"503","42.497_-75.53",42.497,-75.53,"2020","2020: No Conclusion","No Conclusion"
"504","42.499_-74.02",42.499,-74.02,"2016","2016: Dry","Dry"
"505","42.5_-74.292",42.5,-74.292,"2013","2013: No Known Impact","No Known Impact"
"506","42.5_-75.185",42.5,-75.185,"2017","2017: No Conclusion","No Conclusion"
"507","42.501_-74.031",42.501,-74.031,"2016","2016: No Conclusion","No Conclusion"
"508","42.505_-73.735",42.505,-73.735,"2012","2012: No Conclusion","No Conclusion"
"509","42.506_-73.506",42.506,-73.506,"2016","2016: No Conclusion
2015: No Conclusion
2014: No Known Impact","No Conclusion"
"510","42.508_-73.509",42.508,-73.509,"2016","2016: No Known Impact
2012: No Conclusion","No Known Impact"
"511","42.512_-73.808",42.512,-73.808,"2016","2016: No Known Impact","No Known Impact"
"512","42.512_-75.393",42.512,-75.393,"2020","2020: No Conclusion","No Conclusion"
"513","42.514_-73.515",42.514,-73.515,"2020","2020: No Known Impact","No Known Impact"
"514","42.514_-73.516",42.514,-73.516,"2020","2020: No Conclusion","No Conclusion"
"515","42.514_-73.617",42.514,-73.617,"2014","2014: No Conclusion","No Conclusion"
"516","42.514_-74.048",42.514,-74.048,"2013","2013: No Conclusion","No Conclusion"
"517","42.514_-74.245",42.514,-74.245,"2013","2013: No Known Impact","No Known Impact"
"518","42.516_-73.753",42.516,-73.753,"2013","2013: No Conclusion","No Conclusion"
"519","42.516_-73.755",42.516,-73.755,"2012","2012: No Conclusion
2012: No Conclusion","No Conclusion"
"520","42.518_-73.372",42.518,-73.372,"2014","2014: No Conclusion","No Conclusion"
"521","42.518_-76.974",42.518,-76.974,"2021","2021: No Conclusion","No Conclusion"
"522","42.52_-73.672",42.52,-73.672,"2013","2013: No Known Impact","No Known Impact"
"523","42.522_-74.703",42.522,-74.703,"2013","2013: No Known Impact","No Known Impact"
"524","42.525_-73.754",42.525,-73.754,"2020","2020: No Conclusion","No Conclusion"
"525","42.525_-76.483",42.525,-76.483,"2015","2015: No Known Impact","No Known Impact"
"526","42.526_-73.473",42.526,-73.473,"2016","2016: No Known Impact
2015: No Conclusion
2014: No Conclusion","No Known Impact"
"527","42.527_-77.002",42.527,-77.002,"2021","2021: No Conclusion","No Conclusion"
"528","42.529_-73.82",42.529,-73.82,"2012","2012: No Conclusion","No Conclusion"
"529","42.53_-75.899",42.53,-75.899,"2016","2016: No Known Impact","No Known Impact"
"530","42.53_-76.635",42.53,-76.635,"2015","2015: No Known Impact","No Known Impact"
"531","42.531_-73.416",42.531,-73.416,"2012","2012: No Known Impact
2012: No Known Impact","No Known Impact"
"532","42.536_-74.077",42.536,-74.077,"2016","2016: Possibly Impaired","Possibly Impaired"
"533","42.537_-73.732",42.537,-73.732,"2020","2020: No Conclusion","No Conclusion"
"534","42.537_-73.839",42.537,-73.839,"2019","2019: No Conclusion","No Conclusion"
"535","42.539_-73.829",42.539,-73.829,"2017","2017: No Conclusion
2016: Possibly Impaired","No Conclusion"
"536","42.54_-73.403",42.54,-73.403,"2014","2014: No Conclusion","No Conclusion"
"537","42.54_-73.83",42.54,-73.83,"2012","2012: No Conclusion
2012: No Conclusion","No Conclusion"
"538","42.541_-73.893",42.541,-73.893,"2014","2014: No Known Impact","No Known Impact"
"539","42.541_-75.904",42.541,-75.904,"2016","2016: No Known Impact","No Known Impact"
"540","42.541_-76.649",42.541,-76.649,"2016","2016: No Known Impact","No Known Impact"
"541","42.541_-78.982",42.541,-78.982,"2016","2016: No Conclusion","No Conclusion"
"542","42.544_-74.412",42.544,-74.412,"2014","2014: No Known Impact
2012: Possibly Impaired","No Known Impact"
"543","42.545_-74.842",42.545,-74.842,"2017","2017: No Known Impact","No Known Impact"
"544","42.546_-75.236",42.546,-75.236,"2018","2018: No Known Impact","No Known Impact"
"545","42.548_-73.769",42.548,-73.769,"2019","2019: No Conclusion","No Conclusion"
"546","42.549_-73.412",42.549,-73.412,"2020","2020: No Conclusion","No Conclusion"
"547","42.549_-74.407",42.549,-74.407,"2012","2012: No Known Impact","No Known Impact"
"548","42.549_-75.246",42.549,-75.246,"2017","2017: No Known Impact","No Known Impact"
"549","42.555_-75.897",42.555,-75.897,"2015","2015: No Known Impact","No Known Impact"
"550","42.556_-73.677",42.556,-73.677,"2020","2020: No Conclusion","No Conclusion"
"551","42.558_-73.654",42.558,-73.654,"2014","2014: No Conclusion","No Conclusion"
"552","42.558_-73.658",42.558,-73.658,"2012","2012: No Conclusion","No Conclusion"
"553","42.559_-73.515",42.559,-73.515,"2019","2019: No Known Impact","No Known Impact"
"554","42.564_-73.674",42.564,-73.674,"2014","2014: No Conclusion","No Conclusion"
"555","42.567_-75.892",42.567,-75.892,"2016","2016: No Known Impact","No Known Impact"
"556","42.569_-73.677",42.569,-73.677,"2014","2014: No Conclusion
2012: No Conclusion
2012: No Known Impact","No Conclusion"
"557","42.574_-73.705",42.574,-73.705,"2016","2016: No Known Impact","No Known Impact"
"558","42.577_-78.852",42.577,-78.852,"2015","2015: Dry","Dry"
"559","42.578_-73.814",42.578,-73.814,"2015","2015: Possibly Impaired","Possibly Impaired"
"560","42.578_-73.839",42.578,-73.839,"2016","2016: Dry","Dry"
"561","42.579_-73.839",42.579,-73.839,"2016","2016: No Conclusion","No Conclusion"
"562","42.582_-73.766",42.582,-73.766,"2015","2015: Dry","Dry"
"563","42.584_-73.487",42.584,-73.487,"2019","2019: No Conclusion","No Conclusion"
"564","42.584_-73.74",42.584,-73.74,"2013","2013: No Conclusion","No Conclusion"
"565","42.586_-76.13",42.586,-76.13,"2016","2016: No Known Impact","No Known Impact"
"566","42.588_-78.682",42.588,-78.682,"2014","2014: No Conclusion","No Conclusion"
"567","42.59_-74.753",42.59,-74.753,"2016","2016: No Known Impact","No Known Impact"
"568","42.592_-74.348",42.592,-74.348,"2014","2014: No Conclusion
2013: No Known Impact
2013: No Known Impact","No Conclusion"
"569","42.594_-76.095",42.594,-76.095,"2016","2016: No Known Impact","No Known Impact"
"570","42.597_-73.856",42.597,-73.856,"2016","2016: Dry","Dry"
"571","42.598_-73.782",42.598,-73.782,"2015","2015: No Conclusion","No Conclusion"
"572","42.598_-76.63",42.598,-76.63,"2015","2015: No Conclusion","No Conclusion"
"573","42.6_-76.191",42.6,-76.191,"2017","2017: No Conclusion","No Conclusion"
"574","42.603_-79.114",42.603,-79.114,"2015","2015: Dry","Dry"
"575","42.604_-76.186",42.604,-76.186,"2019","2019: No Conclusion","No Conclusion"
"576","42.604_-76.215",42.604,-76.215,"2015","2015: No Known Impact","No Known Impact"
"577","42.606_-75.045",42.606,-75.045,"2022","2022: No Conclusion","No Conclusion"
"578","42.606_-76.188",42.606,-76.188,"2015","2015: No Known Impact","No Known Impact"
"579","42.607_-73.769",42.607,-73.769,"2015","2015: Dry
2015: Dry","Dry"
"580","42.608_-73.748",42.608,-73.748,"2013","2013: No Conclusion","No Conclusion"
"581","42.608_-73.769",42.608,-73.769,"2015","2015: Dry","Dry"
"582","42.61_-77.404",42.61,-77.404,"2015","2015: No Known Impact","No Known Impact"
"583","42.611_-73.894",42.611,-73.894,"2016","2016: No Conclusion","No Conclusion"
"584","42.612_-73.897",42.612,-73.897,"2017","2017: No Conclusion","No Conclusion"
"585","42.612_-79.11",42.612,-79.11,"2015","2015: Dry","Dry"
"586","42.613_-73.638",42.613,-73.638,"2020","2020: No Conclusion","No Conclusion"
"587","42.613_-73.898",42.613,-73.898,"2016","2016: No Known Impact","No Known Impact"
"588","42.614_-73.898",42.614,-73.898,"2017","2017: No Conclusion","No Conclusion"
"589","42.614_-78.012",42.614,-78.012,"2022","2022: No Conclusion","No Conclusion"
"590","42.618_-74.13",42.618,-74.13,"2019","2019: No Known Impact","No Known Impact"
"591","42.621_-73.525",42.621,-73.525,"2012","2012: No Conclusion","No Conclusion"
"592","42.625_-73.564",42.625,-73.564,"2012","2012: No Known Impact","No Known Impact"
"593","42.625_-74.129",42.625,-74.129,"2017","2017: No Conclusion","No Conclusion"
"594","42.626_-74.13",42.626,-74.13,"2016","2016: No Conclusion","No Conclusion"
"595","42.626_-75.814",42.626,-75.814,"2017","2017: No Known Impact","No Known Impact"
"596","42.628_-74.175",42.628,-74.175,"2013","2013: No Conclusion","No Conclusion"
"597","42.63_-74.74",42.63,-74.74,"2016","2016: No Known Impact","No Known Impact"
"598","42.63_-74.741",42.63,-74.741,"2018","2018: No Known Impact","No Known Impact"
"599","42.631_-73.535",42.631,-73.535,"2012","2012: No Conclusion
2012: No Known Impact","No Known Impact"
"600","42.632_-73.414",42.632,-73.414,"2016","2016: No Conclusion
2015: No Conclusion
2014: No Conclusion","No Conclusion"
"601","42.633_-78.334",42.633,-78.334,"2014","2014: No Conclusion","No Conclusion"
"602","42.634_-73.8",42.634,-73.8,"2013","2013: No Conclusion","No Conclusion"
"603","42.634_-73.999",42.634,-73.999,"2017","2017: No Conclusion","No Conclusion"
"604","42.635_-73.575",42.635,-73.575,"2020","2020: No Known Impact
2020: No Conclusion","No Known Impact"
"605","42.638_-73.539",42.638,-73.539,"2012","2012: No Conclusion","No Conclusion"
"606","42.642_-73.612",42.642,-73.612,"2014","2014: No Conclusion","No Conclusion"
"607","42.642_-76.408",42.642,-76.408,"2017","2017: No Conclusion","No Conclusion"
"608","42.644_-76.189",42.644,-76.189,"2016","2016: No Known Impact","No Known Impact"
"609","42.646_-78.547",42.646,-78.547,"2018","2018: No Conclusion","No Conclusion"
"610","42.647_-78.548",42.647,-78.548,"2019","2019: No Conclusion","No Conclusion"
"611","42.649_-73.937",42.649,-73.937,"2018","2018: No Known Impact","No Known Impact"
"612","42.649_-73.956",42.649,-73.956,"2018","2018: No Conclusion","No Conclusion"
"613","42.649_-75.787",42.649,-75.787,"2017","2017: No Known Impact","No Known Impact"
"614","42.65_-73.537",42.65,-73.537,"2012","2012: No Known Impact
2012: No Known Impact","No Known Impact"
"615","42.65_-73.844",42.65,-73.844,"2016","2016: No Conclusion","No Conclusion"
"616","42.65_-78.447",42.65,-78.447,"2022","2022: No Known Impact","No Known Impact"
"617","42.651_-73.845",42.651,-73.845,"2012","2012: Possibly Impaired","Possibly Impaired"
"618","42.651_-73.926",42.651,-73.926,"2012","2012: No Conclusion","No Conclusion"
"619","42.652_-76.424",42.652,-76.424,"2017","2017: No Conclusion","No Conclusion"
"620","42.653_-73.924",42.653,-73.924,"2018","2018: No Known Impact
2018: No Known Impact","No Known Impact"
"621","42.655_-76.435",42.655,-76.435,"2022","2022: No Known Impact","No Known Impact"
"622","42.658_-77.034",42.658,-77.034,"2016","2016: No Known Impact","No Known Impact"
"623","42.659_-73.828",42.659,-73.828,"2016","2016: Possibly Impaired","Possibly Impaired"
"624","42.659_-73.997",42.659,-73.997,"2014","2014: Dry","Dry"
"625","42.661_-74.236",42.661,-74.236,"2014","2014: No Known Impact","No Known Impact"
"626","42.662_-78.44",42.662,-78.44,"2022","2022: No Known Impact","No Known Impact"
"627","42.663_-74.949",42.663,-74.949,"2014","2014: No Known Impact","No Known Impact"
"628","42.666_-73.895",42.666,-73.895,"2015","2015: No Conclusion","No Conclusion"
"629","42.666_-76.436",42.666,-76.436,"2015","2015: No Known Impact","No Known Impact"
"630","42.668_-73.828",42.668,-73.828,"2017","2017: No Conclusion","No Conclusion"
"631","42.669_-74.964",42.669,-74.964,"2014","2014: No Known Impact","No Known Impact"
"632","42.669_-77.145",42.669,-77.145,"2015","2015: No Conclusion","No Conclusion"
"633","42.669_-77.592",42.669,-77.592,"2013","2013: No Conclusion","No Conclusion"
"634","42.669_-78.136",42.669,-78.136,"2013","2013: No Known Impact","No Known Impact"
"635","42.671_-76.435",42.671,-76.435,"2015","2015: No Known Impact","No Known Impact"
"636","42.672_-73.758",42.672,-73.758,"2016","2016: No Conclusion","No Conclusion"
"637","42.672_-73.828",42.672,-73.828,"2012","2012: No Conclusion","No Conclusion"
"638","42.673_-73.639",42.673,-73.639,"2017","2017: No Conclusion","No Conclusion"
"639","42.673_-73.983",42.673,-73.983,"2014","2014: Dry","Dry"
"640","42.676_-78.439",42.676,-78.439,"2022","2022: No Conclusion","No Conclusion"
"641","42.677_-73.836",42.677,-73.836,"2016","2016: Possibly Impaired","Possibly Impaired"
"642","42.68_-78.354",42.68,-78.354,"2022","2022: No Conclusion","No Conclusion"
"643","42.681_-78.111",42.681,-78.111,"2014","2014: No Known Impact","No Known Impact"
"644","42.682_-73.91",42.682,-73.91,"2017","2017: No Conclusion","No Conclusion"
"645","42.686_-76.169",42.686,-76.169,"2016","2016: No Known Impact","No Known Impact"
"646","42.687_-73.743",42.687,-73.743,"2014","2014: No Conclusion","No Conclusion"
"647","42.687_-79",42.687,-79,"2014","2014: Possibly Impaired","Possibly Impaired"
"648","42.691_-78.054",42.691,-78.054,"2014","2014: No Conclusion","No Conclusion"
"649","42.692_-73.466",42.692,-73.466,"2016","2016: No Conclusion","No Conclusion"
"650","42.692_-73.778",42.692,-73.778,"2019","2019: No Conclusion
2017: Possibly Impaired","No Conclusion"
"651","42.692_-75.45",42.692,-75.45,"2020","2020: No Conclusion","No Conclusion"
"652","42.7_-73.939",42.7,-73.939,"2016","2016: Possibly Impaired","Possibly Impaired"
"653","42.702_-73.966",42.702,-73.966,"2018","2018: No Conclusion
2016: Possibly Impaired","No Conclusion"
"654","42.702_-74.344",42.702,-74.344,"2012","2012: No Conclusion
2012: No Known Impact","No Known Impact"
"655","42.703_-76.186",42.703,-76.186,"2016","2016: No Known Impact","No Known Impact"
"656","42.705_-73.583",42.705,-73.583,"2020","2020: No Known Impact","No Known Impact"
"657","42.705_-73.585",42.705,-73.585,"2015","2015: No Conclusion","No Conclusion"
"658","42.706_-73.582",42.706,-73.582,"2016","2016: No Known Impact
2015: No Conclusion","No Known Impact"
"659","42.707_-78.899",42.707,-78.899,"2014","2014: No Conclusion","No Conclusion"
"660","42.708_-73.724",42.708,-73.724,"2012","2012: No Conclusion","No Conclusion"
"661","42.71_-76.034",42.71,-76.034,"2016","2016: No Known Impact","No Known Impact"
"662","42.714_-74.045",42.714,-74.045,"2013","2013: No Known Impact
2012: No Conclusion","No Known Impact"
"663","42.714_-74.046",42.714,-74.046,"2012","2012: No Conclusion","No Conclusion"
"664","42.714_-74.047",42.714,-74.047,"2016","2016: No Conclusion","No Conclusion"
"665","42.714_-74.049",42.714,-74.049,"2018","2018: No Conclusion","No Conclusion"
"666","42.715_-75.312",42.715,-75.312,"2017","2017: No Conclusion","No Conclusion"
"667","42.715_-77.712",42.715,-77.712,"2013","2013: No Conclusion","No Conclusion"
"668","42.722_-73.605",42.722,-73.605,"2012","2012: No Conclusion
2012: No Known Impact","No Known Impact"
"669","42.723_-73.657",42.723,-73.657,"2020","2020: No Conclusion","No Conclusion"
"670","42.723_-73.992",42.723,-73.992,"2016","2016: No Known Impact
2013: No Known Impact
2012: No Known Impact","No Known Impact"
"671","42.723_-73.993",42.723,-73.993,"2022","2022: No Known Impact","No Known Impact"
"672","42.724_-75.97",42.724,-75.97,"2016","2016: No Known Impact","No Known Impact"
"673","42.727_-74.918",42.727,-74.918,"2014","2014: No Known Impact","No Known Impact"
"674","42.733_-73.631",42.733,-73.631,"2016","2016: No Known Impact
2015: No Conclusion
2015: No Known Impact","No Known Impact"
"675","42.736_-75.01",42.736,-75.01,"2016","2016: No Known Impact","No Known Impact"
"676","42.737_-73.714",42.737,-73.714,"2016","2016: Possibly Impaired","Possibly Impaired"
"677","42.737_-78.308",42.737,-78.308,"2022","2022: No Known Impact","No Known Impact"
"678","42.737_-78.479",42.737,-78.479,"2014","2014: No Conclusion","No Conclusion"
"679","42.738_-78.358",42.738,-78.358,"2022","2022: No Known Impact","No Known Impact"
"680","42.739_-73.625",42.739,-73.625,"2016","2016: No Conclusion","No Conclusion"
"681","42.739_-73.714",42.739,-73.714,"2014","2014: No Conclusion","No Conclusion"
"682","42.739_-74.336",42.739,-74.336,"2014","2014: No Known Impact","No Known Impact"
"683","42.741_-78.136",42.741,-78.136,"2013","2013: No Known Impact","No Known Impact"
"684","42.742_-73.812",42.742,-73.812,"2017","2017: No Conclusion","No Conclusion"
"685","42.746_-73.995",42.746,-73.995,"2014","2014: Dry","Dry"
"686","42.748_-73.554",42.748,-73.554,"2016","2016: No Conclusion","No Conclusion"
"687","42.753_-74.18",42.753,-74.18,"2014","2014: No Known Impact","No Known Impact"
"688","42.754_-73.701",42.754,-73.701,"2015","2015: No Conclusion
2014: Possibly Impaired","No Conclusion"
"689","42.755_-73.866",42.755,-73.866,"2014","2014: No Conclusion","No Conclusion"
"690","42.756_-73.867",42.756,-73.867,"2018","2018: No Conclusion","No Conclusion"
"691","42.757_-74.336",42.757,-74.336,"2016","2016: No Known Impact","No Known Impact"
"692","42.757_-75.581",42.757,-75.581,"2017","2017: No Known Impact","No Known Impact"
"693","42.761_-74.255",42.761,-74.255,"2016","2016: No Known Impact
2012: No Conclusion
2012: No Conclusion","No Known Impact"
"694","42.762_-73.528",42.762,-73.528,"2018","2018: No Conclusion","No Conclusion"
"695","42.762_-73.862",42.762,-73.862,"2014","2014: No Conclusion","No Conclusion"
"696","42.763_-73.446",42.763,-73.446,"2018","2018: No Conclusion","No Conclusion"
"697","42.763_-74",42.763,-74,"2017","2017: No Conclusion","No Conclusion"
"698","42.765_-73.723",42.765,-73.723,"2018","2018: No Conclusion","No Conclusion"
"699","42.765_-73.728",42.765,-73.728,"2014","2014: No Conclusion","No Conclusion"
"700","42.765_-74.001",42.765,-74.001,"2013","2013: No Conclusion","No Conclusion"
"701","42.766_-73.789",42.766,-73.789,"2022","2022: No Conclusion","No Conclusion"
"702","42.771_-78.219",42.771,-78.219,"2017","2017: No Conclusion","No Conclusion"
"703","42.772_-73.79",42.772,-73.79,"2022","2022: No Conclusion","No Conclusion"
"704","42.773_-74.039",42.773,-74.039,"2012","2012: No Known Impact","No Known Impact"
"705","42.776_-73.764",42.776,-73.764,"2015","2015: Possibly Impaired","Possibly Impaired"
"706","42.777_-74.075",42.777,-74.075,"2014","2014: No Conclusion
2012: No Known Impact","No Conclusion"
"707","42.778_-73.823",42.778,-73.823,"2012","2012: Possibly Impaired","Possibly Impaired"
"708","42.779_-73.792",42.779,-73.792,"2014","2014: No Conclusion","No Conclusion"
"709","42.779_-74.144",42.779,-74.144,"2014","2014: No Conclusion","No Conclusion"
"710","42.779_-77.711",42.779,-77.711,"2013","2013: No Conclusion","No Conclusion"
"711","42.783_-73.857",42.783,-73.857,"2014","2014: No Conclusion
2012: No Conclusion","No Conclusion"
"712","42.786_-76.927",42.786,-76.927,"2015","2015: Possibly Impaired","Possibly Impaired"
"713","42.789_-73.532",42.789,-73.532,"2018","2018: No Conclusion","No Conclusion"
"714","42.789_-74.253",42.789,-74.253,"2012","2012: No Conclusion
2012: No Conclusion","No Conclusion"
"715","42.789_-75.025",42.789,-75.025,"2018","2018: No Conclusion","No Conclusion"
"716","42.791_-73.853",42.791,-73.853,"2016","2016: No Conclusion","No Conclusion"
"717","42.791_-73.857",42.791,-73.857,"2012","2012: No Conclusion","No Conclusion"
"718","42.792_-74.134",42.792,-74.134,"2013","2013: No Conclusion","No Conclusion"
"719","42.793_-78.318",42.793,-78.318,"2022","2022: No Known Impact","No Known Impact"
"720","42.794_-74.172",42.794,-74.172,"2014","2014: Possibly Impaired","Possibly Impaired"
"721","42.797_-73.666",42.797,-73.666,"2013","2013: No Conclusion","No Conclusion"
"722","42.797_-73.83",42.797,-73.83,"2012","2012: No Conclusion","No Conclusion"
"723","42.802_-73.848",42.802,-73.848,"2012","2012: No Conclusion","No Conclusion"
"724","42.803_-74.257",42.803,-74.257,"2015","2015: No Known Impact","No Known Impact"
"725","42.805_-73.594",42.805,-73.594,"2018","2018: No Conclusion","No Conclusion"
"726","42.805_-73.994",42.805,-73.994,"2012","2012: No Conclusion
2012: No Conclusion","No Conclusion"
"727","42.807_-75.058",42.807,-75.058,"2016","2016: No Known Impact","No Known Impact"
"728","42.807_-76.704",42.807,-76.704,"2020","2020: No Conclusion","No Conclusion"
"729","42.808_-76.701",42.808,-76.701,"2018","2018: No Conclusion","No Conclusion"
"730","42.813_-74.259",42.813,-74.259,"2014","2014: No Known Impact","No Known Impact"
"731","42.813_-78.423",42.813,-78.423,"2022","2022: No Known Impact","No Known Impact"
"732","42.815_-74.26",42.815,-74.26,"2012","2012: No Conclusion","No Conclusion"
"733","42.817_-74.294",42.817,-74.294,"2014","2014: No Known Impact","No Known Impact"
"734","42.818_-78.446",42.818,-78.446,"2022","2022: No Conclusion","No Conclusion"
"735","42.82_-73.573",42.82,-73.573,"2015","2015: No Conclusion","No Conclusion"
"736","42.82_-74.268",42.82,-74.268,"2012","2012: No Conclusion
2012: No Known Impact","No Known Impact"
"737","42.82_-74.269",42.82,-74.269,"2015","2015: No Known Impact","No Known Impact"
"738","42.828_-77.559",42.828,-77.559,"2016","2016: Possibly Impaired","Possibly Impaired"
"739","42.829_-76.407",42.829,-76.407,"2017","2017: No Conclusion","No Conclusion"
"740","42.83_-78.744",42.83,-78.744,"2018","2018: No Conclusion","No Conclusion"
"741","42.834_-77.697",42.834,-77.697,"2013","2013: No Conclusion","No Conclusion"
"742","42.834_-77.896",42.834,-77.896,"2016","2016: No Conclusion","No Conclusion"
"743","42.836_-73.661",42.836,-73.661,"2014","2014: No Conclusion","No Conclusion"
"744","42.838_-73.678",42.838,-73.678,"2015","2015: No Conclusion","No Conclusion"
"745","42.84_-73.512",42.84,-73.512,"2022","2022: No Conclusion","No Conclusion"
"746","42.843_-73.81",42.843,-73.81,"2012","2012: No Conclusion","No Conclusion"
"747","42.843_-74.628",42.843,-74.628,"2017","2017: No Known Impact","No Known Impact"
"748","42.844_-76.422",42.844,-76.422,"2017","2017: No Conclusion","No Conclusion"
"749","42.845_-74.013",42.845,-74.013,"2012","2012: Possibly Impaired","Possibly Impaired"
"750","42.846_-73.466",42.846,-73.466,"2019","2019: No Conclusion","No Conclusion"
"751","42.848_-78.043",42.848,-78.043,"2013","2013: No Known Impact","No Known Impact"
"752","42.849_-78.283",42.849,-78.283,"2022","2022: No Known Impact","No Known Impact"
"753","42.85_-76.464",42.85,-76.464,"2017","2017: Possibly Impaired","Possibly Impaired"
"754","42.853_-73.896",42.853,-73.896,"2016","2016: No Conclusion","No Conclusion"
"755","42.854_-78.755",42.854,-78.755,"2014","2014: No Conclusion","No Conclusion"
"756","42.867_-73.903",42.867,-73.903,"2018","2018: No Conclusion
2014: No Known Impact
2012: No Known Impact
2012: No Known Impact","No Conclusion"
"757","42.873_-78.03",42.873,-78.03,"2013","2013: No Conclusion","No Conclusion"
"758","42.874_-73.933",42.874,-73.933,"2012","2012: No Conclusion","No Conclusion"
"759","42.874_-78.354",42.874,-78.354,"2019","2019: No Conclusion","No Conclusion"
"760","42.875_-76.562",42.875,-76.562,"2017","2017: No Conclusion","No Conclusion"
"761","42.876_-78.258",42.876,-78.258,"2020","2020: No Known Impact","No Known Impact"
"762","42.878_-78.119",42.878,-78.119,"2014","2014: No Known Impact","No Known Impact"
"763","42.88_-75.644",42.88,-75.644,"2016","2016: No Known Impact","No Known Impact"
"764","42.88_-75.646",42.88,-75.646,"2016","2016: No Conclusion","No Conclusion"
"765","42.88_-76.563",42.88,-76.563,"2017","2017: No Conclusion","No Conclusion"
"766","42.88_-78.119",42.88,-78.119,"2013","2013: No Conclusion
2013: No Known Impact","No Known Impact"
"767","42.881_-75.644",42.881,-75.644,"2016","2016: No Known Impact","No Known Impact"
"768","42.882_-74.965",42.882,-74.965,"2017","2017: No Known Impact
2016: No Conclusion","No Known Impact"
"769","42.884_-74.567",42.884,-74.567,"2014","2014: No Known Impact","No Known Impact"
"770","42.884_-75.638",42.884,-75.638,"2015","2015: Possibly Impaired","Possibly Impaired"
"771","42.885_-76.47",42.885,-76.47,"2017","2017: No Conclusion","No Conclusion"
"772","42.886_-74.217",42.886,-74.217,"2012","2012: No Known Impact","No Known Impact"
"773","42.888_-78.026",42.888,-78.026,"2013","2013: Possibly Impaired","Possibly Impaired"
"774","42.89_-78.644",42.89,-78.644,"2014","2014: No Conclusion","No Conclusion"
"775","42.891_-73.784",42.891,-73.784,"2016","2016: No Conclusion
2015: No Conclusion","No Conclusion"
"776","42.891_-74.514",42.891,-74.514,"2016","2016: No Known Impact","No Known Impact"
"777","42.891_-74.838",42.891,-74.838,"2018","2018: No Conclusion
2017: No Conclusion","No Conclusion"
"778","42.892_-74.022",42.892,-74.022,"2013","2013: No Known Impact","No Known Impact"
"779","42.892_-74.842",42.892,-74.842,"2017","2017: No Known Impact","No Known Impact"
"780","42.893_-77.674",42.893,-77.674,"2014","2014: Possibly Impaired","Possibly Impaired"
"781","42.894_-73.791",42.894,-73.791,"2013","2013: No Conclusion","No Conclusion"
"782","42.894_-78.732",42.894,-78.732,"2014","2014: Possibly Impaired","Possibly Impaired"
"783","42.895_-74.566",42.895,-74.566,"2015","2015: No Conclusion","No Conclusion"
"784","42.896_-76.522",42.896,-76.522,"2015","2015: No Conclusion","No Conclusion"
"785","42.901_-76.527",42.901,-76.527,"2015","2015: No Conclusion","No Conclusion"
"786","42.908_-73.77",42.908,-73.77,"2015","2015: No Conclusion
2014: No Conclusion","No Conclusion"
"787","42.91_-74.076",42.91,-74.076,"2013","2013: No Known Impact
2013: No Known Impact","No Known Impact"
"788","42.911_-73.898",42.911,-73.898,"2018","2018: No Conclusion","No Conclusion"
"789","42.911_-77.787",42.911,-77.787,"2013","2013: No Conclusion","No Conclusion"
"790","42.916_-78.199",42.916,-78.199,"2020","2020: No Known Impact","No Known Impact"
"791","42.917_-76.515",42.917,-76.515,"2017","2017: Possibly Impaired","Possibly Impaired"
"792","42.918_-73.769",42.918,-73.769,"2013","2013: No Conclusion","No Conclusion"
"793","42.918_-76.522",42.918,-76.522,"2017","2017: No Conclusion","No Conclusion"
"794","42.921_-78.295",42.921,-78.295,"2020","2020: Possibly Impaired","Possibly Impaired"
"795","42.924_-76.508",42.924,-76.508,"2017","2017: No Conclusion","No Conclusion"
"796","42.924_-78.346",42.924,-78.346,"2019","2019: No Conclusion","No Conclusion"
"797","42.925_-73.941",42.925,-73.941,"2012","2012: No Known Impact","No Known Impact"
"798","42.925_-73.971",42.925,-73.971,"2012","2012: No Known Impact
2012: No Known Impact","No Known Impact"
"799","42.928_-74.661",42.928,-74.661,"2015","2015: No Conclusion
2014: No Conclusion","No Conclusion"
"800","42.928_-74.666",42.928,-74.666,"2014","2014: No Conclusion","No Conclusion"
"801","42.929_-78.235",42.929,-78.235,"2020","2020: Possibly Impaired","Possibly Impaired"
"802","42.93_-73.983",42.93,-73.983,"2014","2014: No Conclusion
2012: No Known Impact","No Conclusion"
"803","42.93_-74.317",42.93,-74.317,"2018","2018: No Conclusion","No Conclusion"
"804","42.93_-74.623",42.93,-74.623,"2016","2016: No Conclusion","No Conclusion"
"805","42.931_-74.621",42.931,-74.621,"2015","2015: No Conclusion","No Conclusion"
"806","42.932_-74.622",42.932,-74.622,"2014","2014: No Known Impact","No Known Impact"
"807","42.932_-77.778",42.932,-77.778,"2014","2014: No Known Impact","No Known Impact"
"808","42.934_-74.728",42.934,-74.728,"2015","2015: No Conclusion","No Conclusion"
"809","42.935_-74.213",42.935,-74.213,"2018","2018: No Known Impact
2016: No Known Impact","No Known Impact"
"810","42.938_-73.85",42.938,-73.85,"2016","2016: No Conclusion","No Conclusion"
"811","42.939_-73.877",42.939,-73.877,"2017","2017: No Conclusion","No Conclusion"
"812","42.94_-77.799",42.94,-77.799,"2014","2014: No Known Impact","No Known Impact"
"813","42.941_-73.791",42.941,-73.791,"2016","2016: No Conclusion","No Conclusion"
"814","42.941_-73.793",42.941,-73.793,"2014","2014: No Conclusion","No Conclusion"
"815","42.943_-73.863",42.943,-73.863,"2016","2016: No Conclusion
2014: No Conclusion","No Conclusion"
"816","42.946_-73.862",42.946,-73.862,"2018","2018: No Conclusion","No Conclusion"
"817","42.946_-73.995",42.946,-73.995,"2017","2017: No Conclusion","No Conclusion"
"818","42.946_-78.343",42.946,-78.343,"2019","2019: Possibly Impaired","Possibly Impaired"
"819","42.948_-73.781",42.948,-73.781,"2012","2012: No Conclusion","No Conclusion"
"820","42.96_-74.174",42.96,-74.174,"2014","2014: No Known Impact","No Known Impact"
"821","42.96_-78.351",42.96,-78.351,"2019","2019: No Conclusion","No Conclusion"
"822","42.962_-74.173",42.962,-74.173,"2016","2016: No Known Impact","No Known Impact"
"823","42.962_-78.353",42.962,-78.353,"2019","2019: Possibly Impaired","Possibly Impaired"
"824","42.965_-78.406",42.965,-78.406,"2019","2019: Possibly Impaired","Possibly Impaired"
"825","42.966_-73.473",42.966,-73.473,"2019","2019: No Conclusion","No Conclusion"
"826","42.966_-73.822",42.966,-73.822,"2019","2019: No Known Impact","No Known Impact"
"827","42.967_-73.824",42.967,-73.824,"2016","2016: No Known Impact
2013: No Conclusion","No Known Impact"
"828","42.968_-73.881",42.968,-73.881,"2017","2017: No Conclusion
2016: Possibly Impaired","No Conclusion"
"829","42.97_-73.88",42.97,-73.88,"2013","2013: No Known Impact","No Known Impact"
"830","42.971_-75.935",42.971,-75.935,"2016","2016: No Conclusion","No Conclusion"
"831","42.972_-73.864",42.972,-73.864,"2017","2017: No Known Impact
2016: No Known Impact","No Known Impact"
"832","42.976_-73.843",42.976,-73.843,"2015","2015: No Known Impact
2014: No Conclusion
2013: No Conclusion","No Known Impact"
"833","42.979_-77.988",42.979,-77.988,"2017","2017: Possibly Impaired","Possibly Impaired"
"834","42.991_-76.07",42.991,-76.07,"2017","2017: No Conclusion","No Conclusion"
"835","42.993_-74.793",42.993,-74.793,"2016","2016: No Known Impact","No Known Impact"
"836","42.994_-78.435",42.994,-78.435,"2019","2019: No Conclusion","No Conclusion"
"837","42.996_-75.987",42.996,-75.987,"2015","2015: No Known Impact","No Known Impact"
"838","42.996_-76.072",42.996,-76.072,"2017","2017: No Conclusion","No Conclusion"
"839","42.998_-74.115",42.998,-74.115,"2016","2016: No Conclusion","No Conclusion"
"840","42.998_-75.988",42.998,-75.988,"2015","2015: No Conclusion
2015: No Known Impact","No Conclusion"
"841","42.998_-76.072",42.998,-76.072,"2018","2018: No Conclusion","No Conclusion"
"842","42.998_-77.874",42.998,-77.874,"2013","2013: No Known Impact","No Known Impact"
"843","42.999_-75.007",42.999,-75.007,"2022","2022: No Conclusion","No Conclusion"
"844","43.002_-74.54",43.002,-74.54,"2012","2012: No Known Impact","No Known Impact"
"845","43.004_-78.26",43.004,-78.26,"2020","2020: No Conclusion","No Conclusion"
"846","43.005_-78.906",43.005,-78.906,"2014","2014: No Conclusion","No Conclusion"
"847","43.006_-73.847",43.006,-73.847,"2014","2014: No Known Impact","No Known Impact"
"848","43.007_-73.845",43.007,-73.845,"2013","2013: No Conclusion","No Conclusion"
"849","43.009_-73.88",43.009,-73.88,"2013","2013: No Known Impact
2012: No Known Impact","No Known Impact"
"850","43.01_-73.844",43.01,-73.844,"2016","2016: No Known Impact
2015: No Known Impact
2014: No Known Impact
2013: No Known Impact
2012: No Conclusion","No Known Impact"
"851","43.013_-73.378",43.013,-73.378,"2013","2013: No Known Impact","No Known Impact"
"852","43.015_-76.589",43.015,-76.589,"2015","2015: No Conclusion","No Conclusion"
"853","43.017_-73.77",43.017,-73.77,"2016","2016: Possibly Impaired","Possibly Impaired"
"854","43.019_-77.748",43.019,-77.748,"2013","2013: No Known Impact","No Known Impact"
"855","43.022_-78.351",43.022,-78.351,"2020","2020: No Conclusion
2014: No Conclusion","No Conclusion"
"856","43.029_-77.822",43.029,-77.822,"2013","2013: Possibly Impaired","Possibly Impaired"
"857","43.03_-78.394",43.03,-78.394,"2014","2014: No Conclusion","No Conclusion"
"858","43.036_-74.248",43.036,-74.248,"2015","2015: No Conclusion","No Conclusion"
"859","43.038_-73.91",43.038,-73.91,"2015","2015: No Known Impact
2014: No Known Impact
2012: No Conclusion
2012: No Known Impact","No Known Impact"
"860","43.039_-73.708",43.039,-73.708,"2012","2012: No Conclusion","No Conclusion"
"861","43.04_-73.889",43.04,-73.889,"2015","2015: No Known Impact
2014: No Conclusion
2012: No Known Impact","No Known Impact"
"862","43.04_-76.584",43.04,-76.584,"2015","2015: No Conclusion","No Conclusion"
"863","43.042_-73.744",43.042,-73.744,"2012","2012: No Conclusion","No Conclusion"
"864","43.042_-73.889",43.042,-73.889,"2013","2013: No Conclusion","No Conclusion"
"865","43.042_-74.078",43.042,-74.078,"2016","2016: No Conclusion","No Conclusion"
"866","43.044_-73.77",43.044,-73.77,"2015","2015: No Conclusion
2014: No Conclusion
2012: No Conclusion","No Conclusion"
"867","43.046_-77.387",43.046,-77.387,"2013","2013: Possibly Impaired","Possibly Impaired"
"868","43.047_-77.815",43.047,-77.815,"2013","2013: No Conclusion","No Conclusion"
"869","43.05_-76.55",43.05,-76.55,"2015","2015: No Conclusion
2015: No Conclusion","No Conclusion"
"870","43.052_-78.752",43.052,-78.752,"2014","2014: Possibly Impaired","Possibly Impaired"
"871","43.062_-78.899",43.062,-78.899,"2014","2014: Dry","Dry"
"872","43.068_-77.62",43.068,-77.62,"2018","2018: Possibly Impaired","Possibly Impaired"
"873","43.069_-77.778",43.069,-77.778,"2013","2013: No Conclusion","No Conclusion"
"874","43.073_-76.48",43.073,-76.48,"2015","2015: No Conclusion","No Conclusion"
"875","43.073_-78.933",43.073,-78.933,"2014","2014: Dry","Dry"
"876","43.074_-73.938",43.074,-73.938,"2016","2016: No Known Impact
2015: No Known Impact
2013: No Conclusion
2012: No Known Impact","No Known Impact"
"877","43.075_-77.782",43.075,-77.782,"2013","2013: No Conclusion","No Conclusion"
"878","43.089_-73.77",43.089,-73.77,"2016","2016: Possibly Impaired","Possibly Impaired"
"879","43.093_-77.865",43.093,-77.865,"2013","2013: Possibly Impaired","Possibly Impaired"
"880","43.1_-77.753",43.1,-77.753,"2017","2017: Possibly Impaired","Possibly Impaired"
"881","43.108_-77.463",43.108,-77.463,"2016","2016: Possibly Impaired","Possibly Impaired"
"882","43.108_-77.471",43.108,-77.471,"2016","2016: No Conclusion","No Conclusion"
"883","43.127_-77.689",43.127,-77.689,"2014","2014: No Conclusion","No Conclusion"
"884","43.143_-73.877",43.143,-73.877,"2013","2013: No Conclusion","No Conclusion"
"885","43.145_-73.878",43.145,-73.878,"2016","2016: No Known Impact
2015: No Conclusion
2014: No Known Impact
2012: No Conclusion","No Known Impact"
"886","43.16_-76.328",43.16,-76.328,"2015","2015: No Conclusion","No Conclusion"
"887","43.16_-79.007",43.16,-79.007,"2014","2014: Dry","Dry"
"888","43.165_-76.384",43.165,-76.384,"2015","2015: No Conclusion","No Conclusion"
"889","43.182_-73.723",43.182,-73.723,"2016","2016: No Known Impact","No Known Impact"
"890","43.183_-78.715",43.183,-78.715,"2015","2015: No Conclusion","No Conclusion"
"891","43.192_-75.018",43.192,-75.018,"2014","2014: No Conclusion
2014: No Conclusion","No Conclusion"
"892","43.201_-75.024",43.201,-75.024,"2012","2012: No Conclusion","No Conclusion"
"893","43.228_-77.566",43.228,-77.566,"2014","2014: No Conclusion","No Conclusion"
"894","43.234_-75.88",43.234,-75.88,"2015","2015: No Conclusion","No Conclusion"
"895","43.236_-76.975",43.236,-76.975,"2013","2013: No Conclusion","No Conclusion"
"896","43.236_-76.976",43.236,-76.976,"2017","2017: No Conclusion","No Conclusion"
"897","43.238_-77.572",43.238,-77.572,"2014","2014: No Conclusion","No Conclusion"
"898","43.241_-77.34",43.241,-77.34,"2014","2014: Possibly Impaired","Possibly Impaired"
"899","43.249_-76.183",43.249,-76.183,"2016","2016: No Conclusion","No Conclusion"
"900","43.251_-76.865",43.251,-76.865,"2017","2017: No Conclusion","No Conclusion"
"901","43.255_-77.472",43.255,-77.472,"2017","2017: No Conclusion","No Conclusion"
"902","43.258_-75.912",43.258,-75.912,"2016","2016: Possibly Impaired","Possibly Impaired"
"903","43.258_-77.308",43.258,-77.308,"2017","2017: No Conclusion","No Conclusion"
"904","43.259_-77.025",43.259,-77.025,"2014","2014: Possibly Impaired","Possibly Impaired"
"905","43.26_-77.451",43.26,-77.451,"2013","2013: No Conclusion","No Conclusion"
"906","43.264_-75.093",43.264,-75.093,"2018","2018: No Known Impact","No Known Impact"
"907","43.267_-77.25",43.267,-77.25,"2014","2014: No Conclusion","No Conclusion"
"908","43.268_-79.004",43.268,-79.004,"2018","2018: No Conclusion","No Conclusion"
"909","43.273_-77.314",43.273,-77.314,"2013","2013: Possibly Impaired","Possibly Impaired"
"910","43.277_-77.85",43.277,-77.85,"2015","2015: Possibly Impaired","Possibly Impaired"
"911","43.281_-74.951",43.281,-74.951,"2017","2017: No Known Impact","No Known Impact"
"912","43.284_-75.56",43.284,-75.56,"2015","2015: No Conclusion","No Conclusion"
"913","43.284_-77.885",43.284,-77.885,"2013","2013: Possibly Impaired
2013: Possibly Impaired","Possibly Impaired"
"914","43.285_-78.713",43.285,-78.713,"2015","2015: No Conclusion","No Conclusion"
"915","43.294_-76.452",43.294,-76.452,"2016","2016: Dry","Dry"
"916","43.301_-76.599",43.301,-76.599,"2019","2019: No Conclusion","No Conclusion"
"917","43.302_-75.618",43.302,-75.618,"2015","2015: No Known Impact","No Known Impact"
"918","43.302_-75.778",43.302,-75.778,"2014","2014: No Known Impact","No Known Impact"
"919","43.312_-73.734",43.312,-73.734,"2019","2019: No Known Impact","No Known Impact"
"920","43.318_-74.259",43.318,-74.259,"2015","2015: No Conclusion","No Conclusion"
"921","43.321_-75.182",43.321,-75.182,"2017","2017: No Known Impact","No Known Impact"
"922","43.325_-73.359",43.325,-73.359,"2018","2018: No Known Impact","No Known Impact"
"923","43.326_-76.437",43.326,-76.437,"2016","2016: Dry","Dry"
"924","43.332_-75.594",43.332,-75.594,"2015","2015: No Known Impact","No Known Impact"
"925","43.332_-75.737",43.332,-75.737,"2015","2015: No Known Impact","No Known Impact"
"926","43.334_-77.934",43.334,-77.934,"2013","2013: Possibly Impaired","Possibly Impaired"
"927","43.344_-73.716",43.344,-73.716,"2019","2019: No Conclusion","No Conclusion"
"928","43.354_-76.552",43.354,-76.552,"2019","2019: No Conclusion","No Conclusion"
"929","43.355_-73.597",43.355,-73.597,"2018","2018: No Known Impact","No Known Impact"
"930","43.355_-75.588",43.355,-75.588,"2015","2015: No Conclusion","No Conclusion"
"931","43.356_-73.707",43.356,-73.707,"2019","2019: No Conclusion","No Conclusion"
"932","43.358_-73.684",43.358,-73.684,"2019","2019: Possibly Impaired","Possibly Impaired"
"933","43.363_-73.714",43.363,-73.714,"2019","2019: No Known Impact","No Known Impact"
"934","43.364_-73.686",43.364,-73.686,"2019","2019: No Conclusion","No Conclusion"
"935","43.365_-75.686",43.365,-75.686,"2016","2016: No Conclusion","No Conclusion"
"936","43.367_-73.691",43.367,-73.691,"2019","2019: No Known Impact","No Known Impact"
"937","43.372_-73.677",43.372,-73.677,"2019","2019: No Conclusion","No Conclusion"
"938","43.378_-75.554",43.378,-75.554,"2014","2014: No Known Impact","No Known Impact"
"939","43.383_73.695",43.383,73.695,"2018","2018: No Known Impact","No Known Impact"
"940","43.386_-73.704",43.386,-73.704,"2019","2019: No Conclusion","No Conclusion"
"941","43.387_-73.702",43.387,-73.702,"2019","2019: No Known Impact","No Known Impact"
"942","43.389_-76.151",43.389,-76.151,"2016","2016: No Conclusion","No Conclusion"
"943","43.393_-75.058",43.393,-75.058,"2016","2016: No Known Impact","No Known Impact"
"944","43.393_-76.594",43.393,-76.594,"2017","2017: No Conclusion","No Conclusion"
"945","43.399_-73.728",43.399,-73.728,"2020","2020: No Known Impact","No Known Impact"
"946","43.399_-73.729",43.399,-73.729,"2019","2019: No Known Impact","No Known Impact"
"947","43.401_-73.697",43.401,-73.697,"2017","2017: No Known Impact","No Known Impact"
"948","43.402_-73.735",43.402,-73.735,"2019","2019: No Known Impact","No Known Impact"
"949","43.402_-73.736",43.402,-73.736,"2020","2020: No Known Impact","No Known Impact"
"950","43.409_-73.7",43.409,-73.7,"2020","2020: No Conclusion","No Conclusion"
"951","43.409_-73.701",43.409,-73.701,"2019","2019: No Conclusion","No Conclusion"
"952","43.41_-73.699",43.41,-73.699,"2022","2022: No Conclusion","No Conclusion"
"953","43.415_-74.271",43.415,-74.271,"2015","2015: No Known Impact","No Known Impact"
"954","43.416_-73.717",43.416,-73.717,"2022","2022: No Conclusion
2020: No Conclusion
2019: No Conclusion
2018: No Conclusion
2017: No Conclusion
2016: No Conclusion
2015: No Conclusion","No Conclusion"
"955","43.418_-73.713",43.418,-73.713,"2017","2017: No Conclusion","No Conclusion"
"956","43.419_-73.71",43.419,-73.71,"2019","2019: No Conclusion
2018: No Known Impact","No Conclusion"
"957","43.432_-73.708",43.432,-73.708,"2022","2022: No Conclusion","No Conclusion"
"958","43.436_-73.718",43.436,-73.718,"2020","2020: No Conclusion
2017: No Conclusion
2016: No Conclusion","No Conclusion"
"959","43.437_-73.725",43.437,-73.725,"2019","2019: No Known Impact","No Known Impact"
"960","43.437_-73.739",43.437,-73.739,"2016","2016: No Conclusion","No Conclusion"
"961","43.438_-73.727",43.438,-73.727,"2018","2018: No Known Impact","No Known Impact"
"962","43.438_-73.728",43.438,-73.728,"2015","2015: No Known Impact","No Known Impact"
"963","43.439_-73.727",43.439,-73.727,"2020","2020: No Conclusion
2017: No Conclusion","No Conclusion"
"964","43.461_-75.066",43.461,-75.066,"2016","2016: No Known Impact","No Known Impact"
"965","43.462_-75.598",43.462,-75.598,"2014","2014: No Conclusion","No Conclusion"
"966","43.467_-76.18",43.467,-76.18,"2016","2016: No Conclusion","No Conclusion"
"967","43.475_-76.104",43.475,-76.104,"2022","2022: No Known Impact","No Known Impact"
"968","43.477_-75.385",43.477,-75.385,"2017","2017: No Known Impact
2016: No Known Impact
2015: No Known Impact","No Known Impact"
"969","43.481_-73.69",43.481,-73.69,"2019","2019: No Known Impact","No Known Impact"
"970","43.481_-75.264",43.481,-75.264,"2017","2017: No Known Impact","No Known Impact"
"971","43.483_-73.695",43.483,-73.695,"2017","2017: No Conclusion","No Conclusion"
"972","43.49_-73.682",43.49,-73.682,"2020","2020: No Conclusion
2019: No Known Impact
2018: No Conclusion
2017: No Conclusion","No Conclusion"
"973","43.49_-73.683",43.49,-73.683,"2016","2016: No Known Impact","No Known Impact"
"974","43.506_-76.233",43.506,-76.233,"2019","2019: No Conclusion","No Conclusion"
"975","43.509_-73.622",43.509,-73.622,"2016","2016: No Known Impact","No Known Impact"
"976","43.509_-73.623",43.509,-73.623,"2020","2020: No Known Impact","No Known Impact"
"977","43.509_-73.624",43.509,-73.624,"2019","2019: No Conclusion","No Conclusion"
"978","43.51_-73.623",43.51,-73.623,"2018","2018: No Known Impact","No Known Impact"
"979","43.51_-75.999",43.51,-75.999,"2017","2017: No Known Impact","No Known Impact"
"980","43.511_-73.626",43.511,-73.626,"2022","2022: No Conclusion","No Conclusion"
"981","43.511_-75.306",43.511,-75.306,"2015","2015: No Known Impact","No Known Impact"
"982","43.512_-73.625",43.512,-73.625,"2015","2015: No Conclusion","No Conclusion"
"983","43.514_-76.235",43.514,-76.235,"2016","2016: No Conclusion","No Conclusion"
"984","43.518_-73.674",43.518,-73.674,"2022","2022: No Conclusion
2019: No Conclusion","No Conclusion"
"985","43.518_-73.675",43.518,-73.675,"2020","2020: No Conclusion
2018: No Known Impact","No Conclusion"
"986","43.518_-75.759",43.518,-75.759,"2020","2020: No Known Impact","No Known Impact"
"987","43.522_-75.545",43.522,-75.545,"2014","2014: No Known Impact","No Known Impact"
"988","43.524_-73.673",43.524,-73.673,"2018","2018: No Conclusion
2015: No Known Impact","No Conclusion"
"989","43.529_-73.673",43.529,-73.673,"2022","2022: No Conclusion","No Conclusion"
"990","43.529_-75.128",43.529,-75.128,"2017","2017: No Known Impact","No Known Impact"
"991","43.537_-73.666",43.537,-73.666,"2018","2018: No Conclusion","No Conclusion"
"992","43.537_-73.668",43.537,-73.668,"2017","2017: No Known Impact","No Known Impact"
"993","43.538_-73.668",43.538,-73.668,"2016","2016: No Known Impact","No Known Impact"
"994","43.538_-73.669",43.538,-73.669,"2018","2018: No Conclusion","No Conclusion"
"995","43.539_-73.673",43.539,-73.673,"2019","2019: No Conclusion","No Conclusion"
"996","43.543_-75.81",43.543,-75.81,"2014","2014: No Known Impact","No Known Impact"
"997","43.543_-76.192",43.543,-76.192,"2017","2017: No Known Impact","No Known Impact"
"998","43.544_-76.125",43.544,-76.125,"2015","2015: No Conclusion","No Conclusion"
"999","43.545_-73.582",43.545,-73.582,"2017","2017: No Conclusion","No Conclusion"
"1000","43.552_-73.597",43.552,-73.597,"2020","2020: No Conclusion
2019: No Known Impact
2019: No Conclusion","No Conclusion"
"1001","43.553_-73.606",43.553,-73.606,"2022","2022: No Conclusion
2015: No Known Impact","No Conclusion"
"1002","43.563_-73.652",43.563,-73.652,"2018","2018: No Known Impact
2017: No Conclusion","No Known Impact"
"1003","43.564_-73.654",43.564,-73.654,"2015","2015: No Conclusion","No Conclusion"
"1004","43.571_-73.672",43.571,-73.672,"2019","2019: No Conclusion","No Conclusion"
"1005","43.575_-73.68",43.575,-73.68,"2020","2020: No Known Impact","No Known Impact"
"1006","43.585_-73.865",43.585,-73.865,"2016","2016: No Known Impact","No Known Impact"
"1007","43.585_-76.159",43.585,-76.159,"2014","2014: No Conclusion","No Conclusion"
"1008","43.587_-73.64",43.587,-73.64,"2018","2018: No Known Impact
2018: No Conclusion","No Known Impact"
"1009","43.588_-73.644",43.588,-73.644,"2015","2015: No Conclusion","No Conclusion"
"1010","43.599_-73.655",43.599,-73.655,"2019","2019: No Known Impact
2017: No Known Impact","No Known Impact"
"1011","43.601_-73.635",43.601,-73.635,"2020","2020: No Conclusion","No Conclusion"
"1012","43.604_-74.786",43.604,-74.786,"2017","2017: No Known Impact","No Known Impact"
"1013","43.604_-75.616",43.604,-75.616,"2014","2014: No Known Impact","No Known Impact"
"1014","43.625_-73.607",43.625,-73.607,"2020","2020: No Known Impact","No Known Impact"
"1015","43.626_-73.607",43.626,-73.607,"2022","2022: No Conclusion
2019: No Known Impact
2018: No Known Impact
2017: No Known Impact
2016: No Conclusion","No Conclusion"
"1016","43.633_-73.509",43.633,-73.509,"2019","2019: No Conclusion","No Conclusion"
"1017","43.635_-73.508",43.635,-73.508,"2020","2020: No Known Impact","No Known Impact"
"1018","43.636_-73.507",43.636,-73.507,"2019","2019: No Known Impact","No Known Impact"
"1019","43.64_-73.507",43.64,-73.507,"2020","2020: No Known Impact","No Known Impact"
"1020","43.647_-75.893",43.647,-75.893,"2014","2014: No Known Impact","No Known Impact"
"1021","43.649_-75.998",43.649,-75.998,"2017","2017: No Conclusion","No Conclusion"
"1022","43.649_-76.131",43.649,-76.131,"2018","2018: No Known Impact","No Known Impact"
"1023","43.652_-73.496",43.652,-73.496,"2022","2022: No Conclusion","No Conclusion"
"1024","43.653_-73.924",43.653,-73.924,"2019","2019: No Known Impact","No Known Impact"
"1025","43.654_-76.031",43.654,-76.031,"2016","2016: No Conclusion","No Conclusion"
"1026","43.665_-73.604",43.665,-73.604,"2016","2016: No Conclusion","No Conclusion"
"1027","43.68_-76.122",43.68,-76.122,"2017","2017: No Conclusion","No Conclusion"
"1028","43.68_-76.123",43.68,-76.123,"2017","2017: No Known Impact","No Known Impact"
"1029","43.683_-73.518",43.683,-73.518,"2016","2016: No Conclusion","No Conclusion"
"1030","43.683_-76.107",43.683,-76.107,"2017","2017: No Known Impact","No Known Impact"
"1031","43.695_-73.506",43.695,-73.506,"2015","2015: No Conclusion","No Conclusion"
"1032","43.696_-76.03",43.696,-76.03,"2015","2015: No Known Impact","No Known Impact"
"1033","43.697_-73.507",43.697,-73.507,"2019","2019: No Conclusion","No Conclusion"
"1034","43.697_-76.063",43.697,-76.063,"2015","2015: Dry","Dry"
"1035","43.713_-74.783",43.713,-74.783,"2014","2014: No Conclusion","No Conclusion"
"1036","43.725_-73.497",43.725,-73.497,"2015","2015: No Conclusion","No Conclusion"
"1037","43.726_-73.5",43.726,-73.5,"2017","2017: No Conclusion","No Conclusion"
"1038","43.73_-73.501",43.73,-73.501,"2020","2020: No Known Impact
2017: No Conclusion","No Known Impact"
"1039","43.731_-74.884",43.731,-74.884,"2016","2016: No Conclusion
2014: No Conclusion","No Conclusion"
"1040","43.732_-76.132",43.732,-76.132,"2014","2014: No Known Impact","No Known Impact"
"1041","43.736_-76.144",43.736,-76.144,"2015","2015: Dry","Dry"
"1042","43.738_-73.503",43.738,-73.503,"2020","2020: No Known Impact
2019: No Known Impact","No Known Impact"
"1043","43.749_-73.505",43.749,-73.505,"2022","2022: No Known Impact
2019: No Conclusion
2019: No Known Impact
2017: No Known Impact
2015: No Conclusion","No Known Impact"
"1044","43.75_-73.505",43.75,-73.505,"2020","2020: No Conclusion
2016: No Conclusion","No Conclusion"
"1045","43.75_-75.951",43.75,-75.951,"2015","2015: No Conclusion","No Conclusion"
"1046","43.751_-74.909",43.751,-74.909,"2016","2016: No Conclusion","No Conclusion"
"1047","43.762_-73.456",43.762,-73.456,"2015","2015: No Conclusion","No Conclusion"
"1048","43.77_-74.636",43.77,-74.636,"2015","2015: No Known Impact","No Known Impact"
"1049","43.784_-74.833",43.784,-74.833,"2017","2017: No Known Impact","No Known Impact"
"1050","43.789_-74.844",43.789,-74.844,"2017","2017: No Conclusion","No Conclusion"
"1051","43.802_-76.212",43.802,-76.212,"2016","2016: No Conclusion","No Conclusion"
"1052","43.818_-75.697",43.818,-75.697,"2016","2016: No Known Impact","No Known Impact"
"1053","43.825_-74.834",43.825,-74.834,"2016","2016: No Conclusion","No Conclusion"
"1054","43.829_-74.962",43.829,-74.962,"2015","2015: No Conclusion","No Conclusion"
"1055","43.846_-76.182",43.846,-76.182,"2016","2016: Possibly Impaired","Possibly Impaired"
"1056","43.851_-74.998",43.851,-74.998,"2015","2015: No Conclusion","No Conclusion"
"1057","43.853_-73.716",43.853,-73.716,"2013","2013: No Known Impact","No Known Impact"
"1058","43.863_-75.015",43.863,-75.015,"2016","2016: No Conclusion","No Conclusion"
"1059","43.863_-75.016",43.863,-75.016,"2016","2016: Dry","Dry"
"1060","43.874_-75.047",43.874,-75.047,"2016","2016: Dry","Dry"
"1061","43.904_-74.529",43.904,-74.529,"2017","2017: No Conclusion","No Conclusion"
"1062","43.931_-75.859",43.931,-75.859,"2016","2016: No Conclusion","No Conclusion"
"1063","44.014_-74.762",44.014,-74.762,"2017","2017: No Conclusion","No Conclusion"
"1064","44.084_-73.524",44.084,-73.524,"2017","2017: No Conclusion","No Conclusion"
"1065","44.185_-73.95",44.185,-73.95,"2022","2022: No Known Impact","No Known Impact"
"1066","44.27_-75.999",44.27,-75.999,"2014","2014: No Conclusion","No Conclusion"
"1067","44.272_-74.164",44.272,-74.164,"2017","2017: No Known Impact","No Known Impact"
"1068","44.33_-75.88",44.33,-75.88,"2014","2014: No Conclusion","No Conclusion"
"1069","44.336_-75.687",44.336,-75.687,"2016","2016: Dry","Dry"
"1070","44.347_-74.279",44.347,-74.279,"2016","2016: No Conclusion","No Conclusion"
"1071","44.362_-75.695",44.362,-75.695,"2016","2016: Dry","Dry"
"1072","44.441_-74.233",44.441,-74.233,"2018","2018: No Conclusion","No Conclusion"
"1073","44.489_-74.862",44.489,-74.862,"2016","2016: No Known Impact","No Known Impact"
"1074","44.492_-73.814",44.492,-73.814,"2016","2016: No Conclusion","No Conclusion"
"1075","44.6_-75.176",44.6,-75.176,"2017","2017: No Conclusion","No Conclusion"
"1076","44.689_-73.668",44.689,-73.668,"2017","2017: No Conclusion","No Conclusion"
"1077","44.738_73.914",44.738,73.914,"2020","2020: No Conclusion","No Conclusion"
"1078","44.786_-73.901",44.786,-73.901,"2020","2020: No Conclusion","No Conclusion"
"1079","44.791_-73.428",44.791,-73.428,"2019","2019: No Conclusion","No Conclusion"
"1080","44.814_-75.102",44.814,-75.102,"2016","2016: No Conclusion","No Conclusion"
"1081","44.883_-73.758",44.883,-73.758,"2017","2017: No Known Impact","No Known Impact"
"1082","45.003_-73.376",45.003,-73.376,"2017","2017: No Conclusion","No Conclusion"
